"","Created","Baro..mbar.","Temp..C.","RDO..mg.L.","RDO.Sat....","pH..pH.","ORP..mV.","Act.Cond..µS.cm.","Sp.Cond..µS.cm.","Salinity..psu.","Resist..Ohm.cm.","Density..g.cm.3.","TDS..ppt.","Depth..m.","Pressure..psi.","Air.Temp..C.","YearDay"
"1","","","","","","","","","","","","","","","","",""
"2","2018-06-22 14:43:31","1007.3","23.2","9.3","109.5","7.1","244.1","82.6","85.6","0","28493","0.998","0","0.23","0.333","32.2","173"
"3","2018-06-22 14:43:35","1007.3","23.21","9.3","109.5","7.08","231.5","82.6","85.6","0","12100","0.998","0","0.24","0.348","32.2","173"
"4","2018-06-22 14:43:45","1007.3","23.22","9.27","109.2","7.11","218.6","82.6","85.5","0","12102","0.998","0","0.24","0.335","32.2","173"
"5","2018-06-22 14:43:55","1007.3","23.23","9.24","108.9","7.12","207.2","82.6","85.5","0","12101","0.998","0","0.27","0.378","32.2","173"
"6","2018-06-22 14:44:05","1007.3","23.21","9.21","108.4","7.13","197.7","82.6","85.5","0","12104","0.998","0","0.3","0.425","32.2","173"
"7","2018-06-22 14:44:15","1007.4","23.21","9.2","108.4","7.13","190.2","82.6","85.5","0","12103","0.998","0","0.51","0.72","32.2","173"
"8","2018-06-22 14:44:25","1007.3","23.2","9.19","108.2","7.13","182.7","82.6","85.6","0","12101","0.998","0","0.69","0.981","32.2","173"
"9","2018-06-22 14:44:35","1007.3","23.16","9.19","108.2","7.16","176.4","82.6","85.6","0","12102","0.998","0","0.73","1.042","32.2","173"
"10","2018-06-22 14:44:45","1007.2","23.12","9.19","108.1","7.13","171.3","82.4","85.5","0","12130","0.998","0","0.88","1.248","32.1","173"
"11","2018-06-22 14:44:55","1007.3","23.11","9.2","108.1","7.17","163.9","82.5","85.6","0","12125","0.998","0","0.98","1.391","32.1","173"
"12","2018-06-22 14:45:05","1007.3","23.11","9.19","108","7.18","159.3","82.5","85.6","0","12122","0.998","0","1.08","1.532","32.1","173"
"13","2018-06-22 14:45:15","1007.3","23.07","9.2","108.1","7.18","156.5","82.4","85.5","0","12136","0.998","0","1.15","1.629","32.1","173"
"14","2018-06-22 14:45:25","1007.3","23.03","9.21","108.1","7.18","152.9","82.3","85.4","0","12151","0.998","0","1.21","1.728","32.1","173"
"15","2018-06-22 14:45:35","1007.3","23.08","9.22","108.2","7.18","149.8","82.3","85.5","0","12146","0.998","0","1.29","1.833","32","173"
"16","2018-06-22 14:45:45","1007.2","23.07","9.2","108.1","7.19","147.2","82.4","85.5","0","12131","0.998","0","1.35","1.916","32","173"
"17","2018-06-22 14:45:55","1007.2","22.95","9.2","108","7.16","145.7","82.3","85.5","0","12148","0.998","0","1.48","2.108","32","173"
"18","2018-06-22 14:46:05","1007.3","22.85","9.2","107.7","7.18","142.8","82","85.4","0","12193","0.998","0","1.58","2.245","32","173"
"19","2018-06-22 14:46:15","1007.3","22.83","9.21","107.7","7.2","140.6","81.8","85.3","0","12223","0.998","0","1.68","2.386","31.9","173"
"20","2018-06-22 14:46:25","1007.3","22.67","9.22","107.8","7.18","140.3","81.8","85.4","0","12228","0.998","0","1.81","2.57","31.9","173"
"21","2018-06-22 14:46:35","1007.3","22.62","9.23","107.6","7.21","137.5","81.6","85.4","0","12255","0.998","0","1.93","2.742","31.9","173"
"22","2018-06-22 14:46:45","1007.2","22.44","9.24","107.5","7.17","137.7","81.3","85.3","0","12307","0.998","0","2.11","2.997","31.8","173"
"23","2018-06-22 14:46:55","1007.3","22.36","9.27","107.6","7.2","136.1","81.1","85.3","0","12331","0.998","0","2.23","3.177","31.8","173"
"24","2018-06-22 14:47:05","1007.3","22.29","9.29","107.6","7.22","134.4","80.9","85.3","0","12359","0.998","0","2.36","3.356","31.8","173"
"25","2018-06-22 14:47:15","1007.2","22.24","9.3","107.6","7.19","134.6","80.8","85.3","0","12371","0.998","0","2.49","3.535","31.8","173"
"26","2018-06-22 14:47:25","1007.3","22.25","9.31","107.7","7.21","132.9","80.8","85.3","0","12374","0.998","0","2.55","3.634","31.8","173"
"27","2018-06-22 14:47:35","1007.3","22.22","9.31","107.7","7.21","133.1","80.9","85.3","0","12367","0.998","0","2.72","3.876","31.8","173"
"28","2018-06-22 14:47:45","1007.2","22.19","9.32","107.7","7.21","131.9","80.8","85.3","0","12380","0.998","0","2.76","3.925","31.8","173"
"29","2018-06-22 14:47:55","1007.3","22.18","9.32","107.6","7.22","131","80.7","85.3","0","12393","0.998","0","2.97","4.224","31.8","173"
"30","2018-06-22 14:48:05","1007.3","22.16","9.32","107.6","7.24","131.5","80.7","85.3","0","12390","0.998","0","3.01","4.287","31.9","173"
"31","2018-06-22 14:48:15","1007.2","22.14","9.31","107.5","7.24","129.1","80.7","85.3","0","12396","0.998","0","3.13","4.457","31.9","173"
"32","2018-06-22 14:48:25","1007.2","22.13","9.32","107.5","7.24","129.1","80.7","85.3","0","12396","0.998","0","3.18","4.529","31.9","173"
"33","2018-06-22 14:48:35","1007.2","22.09","9.32","107.5","7.26","127.7","80.7","85.4","0","12394","0.998","0","3.21","4.57","32","173"
"34","2018-06-22 14:48:45","1007.2","22.09","9.31","107.4","7.24","128.5","80.6","85.4","0","12405","0.998","0","3.26","4.637","32","173"
"35","2018-06-22 14:48:55","1007.2","22.01","9.29","107.1","7.24","129.5","80.5","85.3","0","12419","0.998","0","3.35","4.772","32.1","173"
"36","2018-06-22 14:49:05","1007.2","21.99","9.3","107","7.22","129","80.5","85.4","0","12424","0.998","0","3.44","4.898","32.1","173"
"37","2018-06-22 14:49:15","1007.3","21.95","9.3","106.9","7.24","128.2","80.4","85.4","0","12439","0.998","0","3.5","4.973","32.2","173"
"38","2018-06-22 14:49:25","1007.2","21.88","9.29","106.8","7.22","128.7","80.4","85.4","0","12441","0.998","0","3.69","5.246","32.2","173"
"39","2018-06-22 14:49:35","1007.3","21.84","9.29","106.7","7.24","128.1","80.2","85.3","0","12468","0.998","0","3.82","5.431","32.3","173"
"40","2018-06-22 14:49:45","1007.2","21.82","9.28","106.5","7.24","126.5","80.2","85.3","0","12476","0.998","0","3.87","5.507","32.3","173"
"41","2018-06-22 14:49:55","1007.2","21.77","9.25","106","7.26","126.4","80","85.2","0","12502","0.998","0","3.96","5.632","32.3","173"
"42","2018-06-22 14:50:05","1007.2","21.64","9.2","105.3","7.27","125.6","79.8","85.1","0","12539","0.998","0","4.11","5.852","32.4","173"
"43","2018-06-22 14:50:15","1007.2","21.58","9.19","105","7.27","126","79.6","85.1","0","12560","0.998","0","4.21","5.985","32.4","173"
"44","2018-06-22 14:50:25","1007.2","21.51","9.18","104.8","7.26","125.9","79.5","85.1","0","12579","0.998","0","4.42","6.293","32.4","173"
"45","2018-06-22 14:50:35","1007.2","21.34","9.19","104.6","7.26","125.8","79.2","85","0","12629","0.998","0","4.59","6.528","32.5","173"
"46","2018-06-22 14:50:45","1007.3","21.1","9.18","104","7.27","125","78.7","84.8","0","12713","0.998","0","4.68","6.659","32.5","173"
"47","2018-06-22 14:50:55","1007.2","21.02","9.21","104.2","7.27","125.1","78.4","84.7","0","12752","0.998","0","4.77","6.779","32.5","173"
"48","2018-06-22 14:51:05","1007.2","20.94","9.25","104.4","7.26","126.1","78.3","84.8","0","12768","0.998","0","4.8","6.825","32.6","173"
"49","2018-06-22 14:51:15","1007.2","20.91","9.26","104.4","7.28","124.7","78.1","84.7","0","12797","0.998","0","4.84","6.89","32.6","173"
"50","2018-06-22 14:51:25","1007.3","20.86","9.24","104.2","7.28","123.8","78.2","84.8","0","12795","0.998","0","4.89","6.961","32.7","173"
"51","2018-06-22 14:51:35","1007.3","20.83","9.24","104","7.28","123.9","78","84.7","0","12815","0.998","0","4.97","7.071","32.7","173"
"52","2018-06-22 14:51:45","1007.3","20.75","9.25","104","7.28","123.7","77.9","84.7","0","12840","0.998","0","5.07","7.212","32.7","173"
"53","2018-06-22 14:51:55","1007.3","20.71","9.26","104","7.3","123","77.8","84.7","0","12852","0.998","0","5.1","7.256","32.7","173"
"54","2018-06-22 14:52:05","1007.2","20.63","9.27","104","7.29","125.3","77.6","84.6","0","12885","0.998","0","5.27","7.491","32.8","173"
"55","2018-06-22 14:52:15","1007.2","20.5","9.28","103.8","7.27","124.5","77.5","84.7","0","12903","0.998","0","5.4","7.68","32.8","173"
"56","2018-06-22 14:52:25","1007.2","20.38","9.28","103.7","7.28","123","77.2","84.6","0","12953","0.998","0","5.58","7.938","32.8","173"
"57","2018-06-22 14:52:35","1007.3","20.36","9.29","103.6","7.27","124.2","77.2","84.6","0","12955","0.998","0","5.71","8.119","32.8","173"
"58","2018-06-22 14:52:45","1007.2","20.35","9.29","103.6","7.3","122.9","77.2","84.7","0","12953","0.998","0","5.72","8.135","32.8","173"
"59","2018-06-22 14:52:55","1007.3","20.33","9.3","103.6","7.26","123","77.2","84.7","0","12959","0.998","0","5.85","8.324","32.8","173"
"60","2018-06-22 14:53:05","1007.2","20.3","9.29","103.6","7.25","123.9","77.2","84.7","0","12960","0.998","0","5.88","8.37","32.9","173"
"61","2018-06-22 14:53:15","1007.2","20.29","9.31","103.7","7.28","123","77.1","84.7","0","12972","0.998","0","5.98","8.499","32.9","173"
"62","2018-06-22 14:53:25","1007.2","20.08","9.31","103.5","7.3","121.1","76.6","84.4","0","13054","0.998","0","6.07","8.638","32.9","173"
"63","2018-06-22 14:53:35","1007.2","19.72","9.3","103","7.29","121.9","76.2","84.2","0","13119","0.998","0","6.14","8.733","32.9","173"
"64","2018-06-22 14:53:45","1007.2","19.58","9.26","101.9","7.29","121.8","75.6","84.1","0","13228","0.998","0","6.28","8.934","32.9","173"
"65","2018-06-22 14:53:55","1007.2","19.21","9.23","100.9","7.3","121.3","74.9","83.9","0","13356","0.998","0","6.4","9.104","32.8","173"
"66","2018-06-22 14:54:05","1007.1","18.72","9.18","99.8","7.3","122.3","74.2","83.6","0","13476","0.998","0","6.59","9.377","32.8","173"
"67","2018-06-22 14:54:15","1007.1","17.48","9.08","97.4","7.35","120.1","72.1","82.4","0","13868","0.999","0","6.76","9.615","32.8","173"
"68","2018-06-22 14:54:25","1007.1","17.02","9.14","95.9","7.35","120.6","70.8","82.9","0","14123","0.999","0","6.97","9.915","32.8","173"
"69","2018-06-22 14:54:35","1007.2","16.6","9.18","94.8","7.36","120.8","69.7","82.9","0","14353","0.999","0","6.92","9.843","32.8","173"
"70","2018-06-22 14:54:45","1007.2","16.2","9.03","93.1","7.32","121.4","69.4","82.8","0","14414","0.999","0","7.42","10.553","32.8","173"
"71","2018-06-22 14:54:55","1007.3","15.93","8.98","91.9","7.31","121","69.1","83.2","0","14470","0.999","0","7.34","10.444","32.8","173"
"72","2018-06-22 14:55:05","1007.2","15.93","9.02","92","7.32","119.9","69","83.2","0","14498","0.999","0","7.13","10.139","32.8","173"
"73","2018-06-22 14:55:15","1007.2","15.68","9.01","91.5","7.33","118.7","68.4","83","0","14618","0.999","0","7.22","10.269","32.8","173"
"74","2018-06-22 14:55:25","1007.2","15.12","8.93","90","7.33","119.1","67.5","82.4","0","14825","0.999","0","7.21","10.251","32.8","173"
"75","2018-06-22 14:55:35","1007.2","14.71","8.96","89.2","7.36","117.4","66.6","82.4","0","15026","0.999","0","7.29","10.374","32.8","173"
"76","2018-06-22 14:55:45","1007.1","14.08","8.82","87","7.36","117.3","65.8","82.4","0","15196","0.999","0","7.62","10.841","32.8","173"
"77","2018-06-22 14:55:55","1007.2","13.69","8.72","85","7.37","116.2","64.8","82.2","0","15430","0.999","0","7.49","10.653","32.8","173"
"78","2018-06-22 14:56:05","1007.2","13.4","8.64","83.6","7.36","116.5","64.3","82.3","0","15547","0.999","0","7.65","10.888","32.8","173"
"79","2018-06-22 14:56:15","1007.2","13.03","8.52","81.7","7.37","115.5","63.2","81.7","0","15814","0.999","0","7.76","11.036","32.8","173"
"80","2018-06-22 14:56:25","1007.2","12.24","8.32","78.8","7.38","115.8","62.6","81.8","0","15985","0.999","0","7.79","11.084","32.8","173"
"81","2018-06-22 14:56:35","1007.2","11.89","8.2","76.7","7.38","114.1","62.3","82.7","0","16057","1","0","8.25","11.732","32.9","173"
"82","2018-06-22 14:56:45","1007.1","11.48","8","74.1","7.37","113.9","61.9","83.1","0","16145","1","0","8.3","11.799","32.9","173"
"83","2018-06-22 14:56:55","1007.2","11.43","7.78","71.7","7.37","113.1","61.6","83.1","0","16238","1","0","8.15","11.592","32.9","173"
"84","2018-06-22 14:57:05","1007.1","11.11","7.58","69.6","7.37","112.2","61.3","83","0","16323","1","0","8.27","11.769","32.9","173"
"85","2018-06-22 14:57:15","1007.1","10.93","7.54","68.8","7.38","111.6","61","83.4","0","16384","1","0","8.36","11.895","32.9","173"
"86","2018-06-22 14:57:25","1007.2","10.59","7.48","67.9","7.36","110.6","60.8","83.4","0","16458","1","0","8.43","11.992","33","173"
"87","2018-06-22 14:57:35","1007.2","10.3","7.5","67.6","7.35","110.8","60.5","83.8","0","16518","1","0","8.61","12.246","33","173"
"88","2018-06-22 14:57:45","1007.1","10.36","7.41","66.6","7.36","109.2","60.3","83.8","0","16579","1","0","8.66","12.323","33","173"
"89","2018-06-22 14:57:55","1007.2","10.1","7.25","65.1","7.36","109.5","60.2","83.7","0","16618","1","0","8.82","12.539","33.1","173"
"90","2018-06-22 14:58:05","1007.2","9.94","7.1","63.2","7.37","107.9","59.8","83.9","0","16715","1","0","8.93","12.694","33.1","173"
"91","2018-06-22 14:58:15","1007.2","9.74","6.97","61.9","7.38","107.2","59.7","83.9","0","16747","1","0","9.02","12.836","33.2","173"
"92","2018-06-22 14:58:25","1007.1","9.61","6.97","61.6","7.38","105.8","59.4","84","0","16839","1","0","9.14","12.999","33.2","173"
"93","2018-06-22 14:58:35","1007.1","9.5","6.99","61.7","7.4","104.3","59.2","84","0","16888","1","0","9.14","13.006","33.2","173"
"94","2018-06-22 14:58:45","1007.2","9.27","6.97","61.3","7.38","104.5","59.1","84.2","0","16912","1","0","9.57","13.609","33.2","173"
"95","2018-06-22 14:58:55","1007.2","9.14","6.89","60.3","7.39","103.9","59","84.4","0","16956","1","0","9.39","13.359","33.3","173"
"96","2018-06-22 14:59:05","1007.1","9","6.81","59.4","7.39","103.1","58.9","84.6","0","16988","1","0","9.49","13.504","33.3","173"
"97","2018-06-22 14:59:15","1007.1","8.85","6.64","57.8","7.36","103.1","58.7","84.7","0","17033","1","0","9.78","13.917","33.3","173"
"98","2018-06-22 14:59:25","1007.1","8.76","6.4","55.5","7.38","102.6","58.6","84.8","0","17071","1","0","9.71","13.805","33.3","173"
"99","2018-06-22 14:59:35","1007.2","8.64","6.15","53.2","7.37","102.2","58.7","85.1","0","17050","1","0","9.74","13.858","33.3","173"
"100","2018-06-22 14:59:45","1007.2","8.57","5.84","50.4","7.36","101.7","58.4","85.1","0","17115","1","0","10.01","14.239","33.3","173"
"101","2018-06-22 14:59:55","1007.1","8.5","5.63","48.5","7.36","100.1","58.4","85.1","0","17135","1","0","10.14","14.42","33.2","173"
"102","2018-06-22 15:00:05","1007.2","8.47","5.42","46.6","7.37","99.2","58.3","85.2","0","17150","1","0","10.05","14.3","33.2","173"
"103","2018-06-22 15:00:15","1007.2","8.42","5.24","45","7.37","98.6","58.3","85.3","0","17157","1","0","10.12","14.398","33.1","173"
"104","2018-06-22 15:00:25","1007.2","8.33","5.03","43.1","7.37","98.4","58.6","85.9","0","17055","1","0","10.13","14.412","33","173"
"105","2018-06-22 15:00:35","1007.1","8.28","4.73","40.5","7.36","98.2","58.5","85.9","0","17088","1","0","10.32","14.68","32.9","173"
"106","2018-06-22 15:00:45","1007.1","8.21","4.39","37.5","7.36","97.8","58.3","85.7","0","17153","1","0","10.44","14.856","32.8","173"
"107","2018-06-22 15:00:55","1007.1","8.1","4.25","36.3","7.35","96.9","58.5","86.2","0","17108","1","0","10.52","14.965","32.7","173"
"108","2018-06-22 15:01:05","1007.1","8.07","3.98","33.9","7.36","95.1","58.9","87","0","16983","1","0","10.49","14.922","32.6","173"
"109","2018-06-22 15:01:15","1007.1","8.04","3.32","28.3","7.34","94.8","58.9","87.1","0","16968","1","0","10.65","15.15","32.6","173"
"110","2018-06-22 15:01:25","1007.2","7.99","2.81","23.9","7.35","93.9","58.6","86.8","0","17056","1","0","10.89","15.491","32.5","173"
"111","2018-06-22 15:01:35","1007.1","7.86","2.67","22.6","7.35","93.1","58.5","86.8","0","17095","1","0","10.92","15.531","32.4","173"
"112","2018-06-22 15:01:45","1007","7.82","2.57","21.8","7.33","93.9","58.9","87.5","0","16992","1","0","11.06","15.737","32.4","173"
"113","2018-06-22 15:01:55","1007.1","7.8","2.27","19.2","7.32","92.8","59","87.9","0","16946","1","0","11.14","15.85","32.3","173"
"114","2018-06-22 15:02:05","1007.2","7.74","1.92","16.3","7.33","91.5","59.1","88.1","0","16919","1","0","11.42","16.245","32.3","173"
"115","2018-06-22 15:02:15","1007.1","7.7","1.68","14.2","7.33","91.2","59","88","0","16954","1","0","11.3","16.078","32.3","173"
"116","2018-06-22 15:02:25","1007.3","7.65","1.55","13.1","7.32","90.1","58.9","88","0","16977","1","0","11.36","16.164","32.3","173"
"117","2018-06-22 15:02:35","1007.2","7.66","1.49","12.6","7.32","89.6","59","88.1","0","16963","1","0","11.55","16.433","32.2","173"
"118","2018-06-22 15:02:45","1007.2","7.65","1.45","12.2","7.33","89.1","59","88.3","0","16936","1","0","11.59","16.486","32.2","173"
"119","2018-06-22 15:02:55","1007.1","7.62","1.4","11.8","7.3","89.5","59.1","88.4","0","16913","1","0","11.69","16.631","32.1","173"
"120","2018-06-22 15:03:05","1007.2","7.61","1.31","11.1","7.32","88","59.2","88.6","0","16899","1","0","12.01","17.08","32.1","173"
"121","2018-06-22 15:03:15","1007.2","7.61","1.23","10.3","7.31","88.1","59.2","88.7","0","16888","1","0","11.99","17.056","32.1","173"
"122","2018-06-22 15:03:25","1007.1","7.61","1.14","9.6","7.31","86.8","59.2","88.7","0","16884","1","0","12.09","17.201","32","173"
"123","2018-06-22 15:03:35","1007.1","7.61","1.09","9.1","7.31","86.4","59.2","88.7","0","16878","1","0","12.13","17.259","32","173"
"124","2018-06-22 15:03:45","1007.3","7.58","1.02","8.6","7.3","86.2","59.3","88.9","0","16853","1","0","12.22","17.378","32","173"
"125","2018-06-22 15:03:55","1007.2","7.55","0.97","8.1","7.29","86.6","59.3","88.9","0","16865","1","0","12.34","17.547","31.9","173"
"126","2018-06-22 15:04:05","1007.1","7.52","0.88","7.4","7.29","85.4","59.3","89","0","16861","1","0","12.32","17.528","31.9","173"
"127","2018-06-22 15:04:15","1007.1","7.51","0.8","6.7","7.29","85.3","59.3","89","0","16873","1","0","12.38","17.616","31.8","173"
"128","2018-06-22 15:04:25","1007","7.49","0.73","6.1","7.29","84.5","59.3","89.1","0","16855","1","0","12.54","17.837","31.8","173"
"129","2018-06-22 15:04:35","1007","7.46","0.63","5.3","7.29","83.5","59.4","89.3","0","16840","1","0","12.85","18.275","31.7","173"
"130","2018-06-22 15:04:45","1007.1","7.44","0.53","4.5","7.29","83.3","59.4","89.4","0","16828","1","0","13","18.489","31.7","173"
"131","2018-06-22 15:04:55","1007.1","7.42","0.45","3.7","7.28","83.4","59.5","89.5","0","16817","1","0","13.08","18.601","31.7","173"
"132","2018-06-22 15:05:05","1007.1","7.41","0.36","3","7.26","82.8","59.5","89.6","0","16812","1","0","13.26","18.853","31.6","173"
"133","2018-06-22 15:05:15","1007.1","7.37","0.29","2.4","7.25","82.8","59.5","89.6","0","16798","1","0","13.4","19.059","31.6","173"
"134","2018-06-22 15:05:25","1007.1","7.37","0.22","1.8","7.25","82","59.5","89.7","0","16812","1","0","13.42","19.088","31.6","173"
"135","2018-06-22 15:05:35","1007.1","7.36","0.16","1.3","7.27","81.5","59.5","89.7","0","16813","1","0","13.51","19.214","31.6","173"
"136","2018-06-22 15:05:45","1007.1","7.34","0.11","0.9","7.26","80.9","59.5","89.7","0","16805","1","0","13.73","19.533","31.6","173"
"137","2018-06-22 15:05:55","1007.1","7.32","0.08","0.7","7.25","80.1","59.5","89.9","0","16799","1","0","13.89","19.762","31.6","173"
"138","2018-06-22 15:06:05","1007.1","7.32","0.05","0.4","7.26","78.7","59.6","89.9","0","16791","1","0","13.91","19.783","31.6","173"
"139","2018-06-22 15:06:15","1007.3","7.32","0.04","0.3","7.26","76.8","59.6","90","0","16773","1","0","13.95","19.848","31.7","173"
"140","2018-06-22 15:06:25","1007.1","7.3","0.03","0.2","7.26","74","59.7","90.2","0","16743","1","0","13.95","19.842","31.6","173"
"141","2018-06-22 15:06:35","1007.2","7.29","0.02","0.2","7.26","69.2","59.8","90.3","0","16732","1","0","13.9","19.77","31.6","173"
"142","2018-06-22 15:06:45","1007.2","7.27","0.01","0.1","7.25","64.9","59.8","90.3","0","16731","1","0","13.93","19.809","31.6","173"
"143","2018-06-22 15:06:55","1007.1","7.27","0.01","0.1","7.25","60.1","59.9","90.6","0","16692","1","0","13.97","19.87","31.6","173"
"144","2018-07-02 12:51:15","1009.6","28.55","7.05","91.9","6.58","54.4","0","0","0","10000000","0.996","0","-0.01","-0.02","31.9","183"
"145","2018-07-02 12:51:21","1009.6","26.24","7.6","96.5","7.38","178.8","85.5","81.8","0","11700","0.996","0","-0.01","-0.016","31.9","183"
"146","2018-07-02 12:51:31","1009.5","26.05","8.14","101","7.31","186.4","83.6","81.8","0","11960","0.997","0","0.16","0.233","32","183"
"147","2018-07-02 12:51:41","1009.6","25.63","8.24","101.5","7.22","189.7","84.1","82.9","0","11889","0.997","0","0.87","1.232","32.1","183"
"148","2018-07-02 12:51:51","1009.6","25.45","8.34","102.1","7.22","191.1","85.2","84.6","0","11738","0.997","0","1.03","1.458","32.2","183"
"149","2018-07-02 12:52:01","1009.6","25.46","8.35","102.4","7.25","192.4","85.4","84.6","0","11704","0.997","0","0.78","1.115","32.3","183"
"150","2018-07-02 12:52:11","1009.6","25.42","8.35","102.3","7.25","193.7","85.4","84.7","0","11708","0.997","0","0.8","1.136","32.4","183"
"151","2018-07-02 12:52:21","1009.6","25.24","8.36","102.2","7.21","192.1","85.2","84.6","0","11738","0.997","0","1.04","1.476","32.5","183"
"152","2018-07-02 12:52:31","1009.6","25.23","8.4","102.4","7.24","191.5","85","84.7","0","11762","0.997","0","0.92","1.314","32.7","183"
"153","2018-07-02 12:52:41","1009.6","25.16","8.39","102.3","7.23","192","85.1","84.8","0","11744","0.997","0","0.95","1.349","32.8","183"
"154","2018-07-02 12:52:51","1009.6","25.09","8.41","102.3","7.25","191","85.1","84.9","0","11756","0.997","0","0.9","1.281","32.9","183"
"155","2018-07-02 12:53:01","1009.6","24.89","8.42","102.3","7.24","192","84.7","84.8","0","11801","0.997","0","1.39","1.979","33","183"
"156","2018-07-02 12:53:11","1009.6","24.83","8.45","102.4","7.27","190","84.6","84.9","0","11815","0.997","0","1.22","1.735","33.1","183"
"157","2018-07-02 12:53:21","1009.6","24.78","8.45","102.4","7.25","190","84.6","84.9","0","11819","0.997","0","1.47","2.089","33.2","183"
"158","2018-07-02 12:53:31","1009.5","24.76","8.46","102.4","7.23","190.2","84.6","85","0","11818","0.997","0","1.38","1.968","33.3","183"
"159","2018-07-02 12:53:41","1009.5","24.71","8.46","102.3","7.25","188.8","84.6","85","0","11821","0.997","0","1.73","2.468","33.4","183"
"160","2018-07-02 12:53:51","1009.5","24.69","8.49","102.5","7.27","189.7","84.5","85","0","11838","0.997","0","1.69","2.403","33.5","183"
"161","2018-07-02 12:54:01","1009.5","24.65","8.48","102.4","7.26","187.5","84.5","85","0","11839","0.997","0","1.78","2.536","33.6","183"
"162","2018-07-02 12:54:11","1009.5","24.63","8.5","102.6","7.26","187.1","84.4","85","0","11842","0.997","0","2.02","2.877","33.8","183"
"163","2018-07-02 12:54:21","1009.6","24.6","8.5","102.6","7.26","186.4","84.4","85","0","11851","0.997","0","2.03","2.887","33.9","183"
"164","2018-07-02 12:54:31","1009.6","24.6","8.51","102.6","7.22","187","84.4","85.1","0","11847","0.997","0","1.99","2.825","34","183"
"165","2018-07-02 12:54:41","1009.6","24.57","8.52","102.7","7.26","185.8","84.4","85.1","0","11849","0.997","0","1.95","2.773","34.1","183"
"166","2018-07-02 12:54:51","1009.5","24.51","8.51","102.6","7.28","187.2","84.4","85.1","0","11850","0.997","0","2.11","3","34.2","183"
"167","2018-07-02 12:55:01","1009.5","24.48","8.52","102.5","7.28","183.3","84.3","85.1","0","11868","0.997","0","2.28","3.245","34.3","183"
"168","2018-07-02 12:55:11","1009.6","24.48","8.52","102.5","7.29","182.8","84.2","85","0","11877","0.997","0","2.19","3.117","34.5","183"
"169","2018-07-02 12:55:21","1009.5","24.41","8.51","102.3","7.29","182.4","84.2","85.1","0","11879","0.997","0","2.4","3.411","34.5","183"
"170","2018-07-02 12:55:31","1009.6","24.26","8.49","102","7.29","182.4","83.8","84.8","0","11934","0.997","0","2.48","3.534","34.7","183"
"171","2018-07-02 12:55:41","1009.6","24.08","8.52","101.9","7.3","182","83.4","84.8","0","11989","0.997","0","2.49","3.538","34.7","183"
"172","2018-07-02 12:55:51","1009.6","23.95","8.53","101.8","7.31","180.5","83.1","84.7","0","12028","0.997","0","2.64","3.756","34.8","183"
"173","2018-07-02 12:56:01","1009.6","23.84","8.56","101.8","7.29","181.9","82.9","84.8","0","12057","0.997","0","2.68","3.808","34.9","183"
"174","2018-07-02 12:56:11","1009.7","23.79","8.58","102","7.27","182.4","82.9","84.8","0","12058","0.997","0","2.78","3.961","35","183"
"175","2018-07-02 12:56:21","1009.6","23.75","8.59","102.1","7.31","179.6","82.9","84.9","0","12060","0.997","0","3.04","4.323","35","183"
"176","2018-07-02 12:56:31","1009.7","23.74","8.6","102.1","7.31","178.6","82.9","84.9","0","12063","0.997","0","3.04","4.318","35.1","183"
"177","2018-07-02 12:56:41","1009.6","23.64","8.59","101.9","7.32","179.2","82.7","84.8","0","12091","0.997","0","3.09","4.4","35.2","183"
"178","2018-07-02 12:56:51","1009.6","23.36","8.57","101.1","7.34","177.8","82.2","84.7","0","12159","0.997","0","3.43","4.884","35.2","183"
"179","2018-07-02 12:57:01","1009.7","23.25","8.6","101.2","7.34","177.1","82","84.8","0","12189","0.997","0","3.49","4.958","35.3","183"
"180","2018-07-02 12:57:11","1009.7","23.12","8.61","101.2","7.34","176.3","81.8","84.7","0","12219","0.998","0","3.68","5.239","35.3","183"
"181","2018-07-02 12:57:21","1009.7","23.03","8.63","101.2","7.32","176.3","81.7","84.8","0","12244","0.998","0","3.64","5.17","35.4","183"
"182","2018-07-02 12:57:31","1009.7","23.01","8.63","101.1","7.36","174.3","81.5","84.7","0","12267","0.998","0","3.67","5.219","35.4","183"
"183","2018-07-02 12:57:41","1009.7","23.01","8.66","101.3","7.35","174","81.5","84.8","0","12265","0.998","0","3.88","5.524","35.4","183"
"184","2018-07-02 12:57:51","1009.7","22.97","8.65","101.2","7.37","172.7","81.5","84.8","0","12264","0.998","0","3.75","5.328","35.4","183"
"185","2018-07-02 12:58:01","1009.7","22.94","8.65","101.1","7.34","173.4","81.5","84.8","0","12274","0.998","0","3.94","5.604","35.4","183"
"186","2018-07-02 12:58:11","1009.7","22.82","8.66","101","7.33","172.6","81.4","84.9","0","12281","0.998","0","3.94","5.605","35.4","183"
"187","2018-07-02 12:58:21","1009.7","22.8","8.7","101.5","7.36","172.5","81.3","84.9","0","12294","0.998","0","4","5.69","35.4","183"
"188","2018-07-02 12:58:31","1009.7","22.72","8.71","101.5","7.37","170.4","81.2","84.8","0","12309","0.998","0","4.13","5.878","35.4","183"
"189","2018-07-02 12:58:41","1009.7","22.71","8.71","101.4","7.38","175.6","81.2","84.8","0","12320","0.998","0","4.06","5.771","35.3","183"
"190","2018-07-02 12:58:51","1009.7","22.58","8.72","101.3","7.35","170.7","80.9","84.8","0","12354","0.998","0","4.35","6.182","35.3","183"
"191","2018-07-02 12:59:01","1009.7","22.53","8.72","101.2","7.35","170","80.9","84.9","0","12361","0.998","0","4.52","6.435","35.2","183"
"192","2018-07-02 12:59:11","1009.6","22.51","8.73","101.3","7.37","169","80.8","84.8","0","12372","0.998","0","4.49","6.383","35.2","183"
"193","2018-07-02 12:59:21","1009.7","22.26","8.69","100.7","7.37","166.9","80.9","85","0","12357","0.998","0","4.87","6.928","35.1","183"
"194","2018-07-02 12:59:31","1009.7","22.14","8.71","100.4","7.36","167.3","80.2","84.8","0","12467","0.998","0","4.99","7.104","35.1","183"
"195","2018-07-02 12:59:41","1009.7","22.13","8.68","99.9","7.38","165.6","80.2","84.8","0","12469","0.998","0","5.04","7.166","35","183"
"196","2018-07-02 12:59:51","1009.7","22.11","8.65","99.6","7.38","164.5","80.2","84.8","0","12473","0.998","0","5.12","7.281","35","183"
"197","2018-07-02 13:00:01","1009.6","22.09","8.64","99.4","7.4","163.4","80.1","84.8","0","12487","0.998","0","5.06","7.199","35","183"
"198","2018-07-02 13:00:11","1009.7","22.04","8.6","98.8","7.39","163.3","80","84.7","0","12504","0.998","0","5.3","7.544","35","183"
"199","2018-07-02 13:00:21","1009.7","21.93","8.59","98.6","7.39","163.7","79.9","84.8","0","12511","0.998","0","5.23","7.44","34.9","183"
"200","2018-07-02 13:00:31","1009.7","21.88","8.59","98.4","7.4","161.3","79.8","84.8","0","12535","0.998","0","5.33","7.575","34.9","183"
"201","2018-07-02 13:00:41","1009.6","21.64","8.57","98","7.35","162","79.5","84.7","0","12572","0.998","0","5.65","8.032","34.9","183"
"202","2018-07-02 13:00:51","1009.6","21.6","8.56","97.7","7.39","161.2","79.4","84.8","0","12591","0.998","0","5.5","7.828","34.9","183"
"203","2018-07-02 13:01:01","1009.7","21.45","8.54","97.2","7.39","159.8","79.2","84.7","0","12633","0.998","0","5.85","8.327","35","183"
"204","2018-07-02 13:01:11","1009.7","21.43","8.52","96.7","7.41","158.6","79","84.7","0","12660","0.998","0","5.6","7.959","35","183"
"205","2018-07-02 13:01:21","1009.7","21.32","8.49","96.4","7.42","157.6","78.8","84.6","0","12693","0.998","0","5.77","8.203","35","183"
"206","2018-07-02 13:01:31","1009.7","21.28","8.48","96","7.43","160.5","78.7","84.7","0","12707","0.998","0","5.74","8.163","35.1","183"
"207","2018-07-02 13:01:41","1009.7","21.15","8.47","95.8","7.41","156.5","78.5","84.7","0","12733","0.998","0","5.81","8.265","35.1","183"
"208","2018-07-02 13:01:51","1009.7","20.93","8.38","94.4","7.42","155.9","78.1","84.5","0","12798","0.998","0","5.94","8.451","35.1","183"
"209","2018-07-02 13:02:01","1009.7","20.77","8.32","93.4","7.43","155","77.8","84.5","0","12852","0.998","0","6.04","8.587","35.1","183"
"210","2018-07-02 13:02:11","1009.8","20.21","8.2","91.7","7.44","155.1","77.2","84.2","0","12952","0.998","0","6.18","8.796","35.1","183"
"211","2018-07-02 13:02:21","1009.6","20.24","8.23","91.2","7.44","153.9","76.7","84.5","0","13037","0.998","0","6.19","8.807","35.1","183"
"212","2018-07-02 13:02:31","1009.7","19.95","8.16","90.4","7.42","154.4","76.3","84","0","13112","0.998","0","6.4","9.106","35.1","183"
"213","2018-07-02 13:02:41","1009.7","19.42","8.01","88.2","7.45","152.1","75.1","83.4","0","13311","0.998","0","6.42","9.124","35.1","183"
"214","2018-07-02 13:02:51","1009.6","19.23","8.07","87.9","7.46","151.1","74.7","83.8","0","13392","0.998","0","6.37","9.058","35.1","183"
"215","2018-07-02 13:03:01","1009.6","18.98","8.05","87.4","7.46","150.6","74.8","84.2","0","13365","0.998","0","6.47","9.2","35.1","183"
"216","2018-07-02 13:03:11","1009.6","18.3","7.83","84.5","7.46","149.9","73.7","83.6","0","13562","0.998","0","6.69","9.516","35.1","183"
"217","2018-07-02 13:03:21","1009.6","18.04","7.88","83.8","7.45","150.7","73","84.1","0","13689","0.999","0","6.6","9.384","35.1","183"
"218","2018-07-02 13:03:31","1009.6","17.99","7.82","83","7.43","150.3","73","84.1","0","13708","0.999","0","7","9.95","35.1","183"
"219","2018-07-02 13:03:41","1009.6","17.95","7.77","82.3","7.44","150.4","72.8","84.1","0","13735","0.999","0","6.72","9.556","35.2","183"
"220","2018-07-02 13:03:51","1009.6","17.9","7.73","81.9","7.44","147.3","72.8","84.1","0","13739","0.999","0","6.88","9.789","35.2","183"
"221","2018-07-02 13:04:01","1009.6","17.81","7.73","81.7","7.44","146.8","72.4","83.9","0","13818","0.999","0","6.81","9.687","35.2","183"
"222","2018-07-02 13:04:11","1009.7","17.68","7.73","81.6","7.46","144.8","72","83.6","0","13887","0.999","0","6.89","9.798","35.3","183"
"223","2018-07-02 13:04:21","1009.6","17.1","7.73","81","7.44","145.1","71.6","83.7","0","13963","0.999","0","7.29","10.372","35.3","183"
"224","2018-07-02 13:04:31","1009.6","17.41","7.65","79.6","7.43","143.9","71.2","84","0","14035","0.999","0","7.27","10.347","35.4","183"
"225","2018-07-02 13:04:41","1009.6","17.81","7.69","80.9","7.44","142.1","72.4","84.4","0","13805","0.999","0","6.63","9.433","35.4","183"
"226","2018-07-02 13:04:51","1009.6","17.62","7.67","81.1","7.42","142.8","72.8","84.3","0","13744","0.999","0","6.94","9.867","35.4","183"
"227","2018-07-02 13:05:01","1009.6","17.08","7.65","80.3","7.45","140.7","71.9","83.9","0","13906","0.999","0","7.15","10.17","35.4","183"
"228","2018-07-02 13:05:11","1009.6","16.69","7.67","79.6","7.45","140","71.2","84.2","0","14050","0.999","0","7.2","10.246","35.4","183"
"229","2018-07-02 13:05:21","1009.6","16.47","7.64","78.7","7.48","138.8","70.7","84.3","0","14145","0.999","0","7.12","10.126","35.4","183"
"230","2018-07-02 13:05:31","1009.6","15.84","7.55","77.4","7.45","139.7","70","83.8","0","14287","0.999","0","7.25","10.317","35.3","183"
"231","2018-07-02 13:05:41","1009.6","15.3","7.51","75.8","7.48","137.2","68.8","83.9","0","14528","0.999","0","7.58","10.782","35.3","183"
"232","2018-07-02 13:05:51","1009.6","14.9","7.37","73.5","7.49","136.3","67.8","83.6","0","14754","0.999","0","7.7","10.949","35.3","183"
"233","2018-07-02 13:06:01","1009.6","14.67","7.3","72.4","7.49","136.2","67.6","83.9","0","14798","0.999","0","7.64","10.867","35.2","183"
"234","2018-07-02 13:06:11","1009.6","14.49","7.32","72.2","7.47","137","67.3","83.9","0","14869","0.999","0","7.68","10.923","35.2","183"
"235","2018-07-02 13:06:21","1009.7","14.22","7.3","71.7","7.48","134.5","66.9","83.8","0","14955","0.999","0","7.78","11.066","35.2","183"
"236","2018-07-02 13:06:31","1009.5","13.91","7.3","71.3","7.48","133.7","66.5","83.9","0","15043","0.999","0","7.88","11.21","35.1","183"
"237","2018-07-02 13:06:41","1009.6","13.63","7.44","72.1","7.48","133","65.8","83.7","0","15205","0.999","0","8.11","11.533","35.1","183"
"238","2018-07-02 13:06:51","1009.6","13.58","7.49","72.3","7.5","131.2","65.5","83.8","0","15265","0.999","0","7.95","11.311","35.1","183"
"239","2018-07-02 13:07:01","1009.6","13.54","7.54","72.7","7.49","130.4","65.5","83.8","0","15276","0.999","0","7.96","11.321","35.1","183"
"240","2018-07-02 13:07:11","1009.6","12.95","7.43","71.5","7.47","130.6","65.3","83.7","0","15310","0.999","0","8.29","11.788","35.1","183"
"241","2018-07-02 13:07:21","1009.5","12.5","7.46","70.9","7.49","129.3","64.1","83.4","0","15610","0.999","0","8.4","11.944","35.1","183"
"242","2018-07-02 13:07:31","1009.6","11.89","7.52","70.4","7.5","127.9","63.2","83.6","0","15823","1","0","8.53","12.134","35.1","183"
"243","2018-07-02 13:07:41","1009.6","11.41","7.52","69.4","7.5","127.2","62.3","83.8","0","16049","1","0","8.66","12.323","35.1","183"
"244","2018-07-02 13:08:01","1009.6","11.04","7.59","69.3","7.52","124.8","61.6","83.9","0","16223","1","0","8.75","12.446","35.1","183"
"245","2018-07-02 13:08:11","1009.6","11.01","7.65","69.8","7.52","124.5","61.6","83.8","0","16245","1","0","8.66","12.316","35.2","183"
"246","2018-07-02 13:08:21","1009.6","10.6","7.64","68.9","7.5","123.3","61","84.1","0","16397","1","0","8.95","12.728","35.2","183"
"247","2018-07-02 13:08:31","1009.6","10.46","7.47","67.3","7.5","122.2","60.9","84.2","0","16407","1","0","9.2","13.086","35.2","183"
"248","2018-07-02 13:08:41","1009.5","10.32","7.31","65.6","7.51","120.3","60.8","84.4","0","16441","1","0","9.12","12.975","35.2","183"
"249","2018-07-02 13:08:51","1009.6","10.19","7.17","64.3","7.53","118.6","60.8","84.4","0","16456","1","0","8.92","12.683","35.3","183"
"250","2018-07-02 13:09:01","1009.7","10.12","7.13","63.7","7.5","118.8","60.6","84.5","0","16506","1","0","9.03","12.847","35.3","183"
"251","2018-07-02 13:09:11","1009.6","10.03","7.08","63.1","7.45","118.5","60.5","84.5","0","16536","1","0","8.9","12.655","35.3","183"
"252","2018-07-02 13:09:21","1009.5","9.94","7.11","63.2","7.49","116.7","60.2","84.5","0","16610","1","0","9.1","12.946","35.3","183"
"253","2018-07-02 13:09:31","1009.5","9.89","7.18","63.8","7.51","114.5","60.1","84.4","0","16633","1","0","9.28","13.201","35.4","183"
"254","2018-07-02 13:09:41","1009.5","9.89","7.26","64.4","7.53","112.9","60.1","84.5","0","16634","1","0","9.19","13.064","35.4","183"
"255","2018-07-02 13:09:51","1009.5","9.79","7.32","64.8","7.49","113.4","60.1","84.6","0","16652","1","0","9.52","13.544","35.5","183"
"256","2018-07-02 13:10:01","1009.6","9.73","7.32","64.7","7.51","113","60.1","84.8","0","16634","1","0","9.58","13.625","35.5","183"
"257","2018-07-02 13:10:11","1009.6","9.61","7.22","63.7","7.48","111.9","60.2","85.1","0","16621","1","0","10.11","14.374","35.6","183"
"258","2018-07-02 13:13:12","1009.6","9.42","6.08","53.4","7.48","144.1","60.2","85.8","0","16601","1","0","9.44","13.422","36.8","183"
"259","2018-07-02 13:13:16","1009.6","9.42","6.08","53.4","7.48","139.3","60.2","85.7","0","16609","1","0","9.47","13.466","36.8","183"
"260","2018-07-02 13:13:26","1009.6","9.32","6.06","53.2","7.46","133.9","60.2","85.7","0","16607","1","0","9.76","13.881","36.9","183"
"261","2018-07-02 13:13:36","1009.6","9.28","5.81","50.8","7.48","130.1","60.3","86.2","0","16575","1","0","9.69","13.789","36.9","183"
"262","2018-07-02 13:13:46","1009.6","9.06","5.49","47.9","7.46","125.3","60","85.9","0","16666","1","0","10.18","14.482","37","183"
"263","2018-07-02 13:13:56","1009.6","8.97","5.26","45.7","7.48","121.3","59.2","85.2","0","16896","1","0","10.05","14.301","37.1","183"
"264","2018-07-02 13:14:06","1009.6","8.94","5.27","45.7","7.44","119.6","59.2","85.4","0","16886","1","0","10.13","14.409","37.1","183"
"265","2018-07-02 13:14:16","1009.6","8.9","5.3","45.9","7.48","116.2","59.1","85.4","0","16918","1","0","10.02","14.253","37.2","183"
"266","2018-07-02 13:14:26","1009.5","8.8","5.34","46.2","7.47","113.8","59","85.3","0","16937","1","0","10.35","14.719","37.2","183"
"267","2018-07-02 13:14:36","1009.5","8.66","5.03","43.4","7.46","112.3","59.5","86.3","0","16804","1","0","10.35","14.728","37.3","183"
"268","2018-07-02 13:14:46","1009.6","8.61","4.31","37.1","7.47","109.5","59.7","86.7","0","16763","1","0","10.47","14.89","37.3","183"
"269","2018-07-02 13:14:56","1009.6","8.49","3.56","30.6","7.46","108.1","59.8","87.3","0","16731","1","0","10.73","15.26","37.3","183"
"270","2018-07-02 13:15:06","1009.5","8.42","2.9","24.8","7.46","106","59.8","87.5","0","16710","1","0","10.74","15.278","37.3","183"
"271","2018-07-02 13:15:16","1009.5","8.29","2.45","21","7.46","104.5","59.7","87.5","0","16761","1","0","10.93","15.541","37.3","183"
"272","2018-07-02 13:15:26","1009.6","8.19","1.97","16.8","7.45","103.1","59.6","87.6","0","16785","1","0","11.01","15.654","37.3","183"
"273","2018-07-02 13:15:36","1009.6","8.14","1.59","13.6","7.41","103.2","59.5","87.7","0","16800","1","0","11","15.644","37.3","183"
"274","2018-07-02 13:15:46","1009.5","8.15","1.26","10.8","7.46","99.6","59.5","87.8","0","16794","1","0","10.97","15.606","37.3","183"
"275","2018-07-02 13:15:56","1009.5","8.07","1.04","8.8","7.41","100.3","59.6","87.9","0","16789","1","0","11.26","16.02","37.3","183"
"276","2018-07-02 13:16:06","1009.5","8.06","0.73","6.2","7.4","98.5","59.7","88.2","0","16763","1","0","11.3","16.077","37.3","183"
"277","2018-07-02 13:16:16","1009.5","8.07","0.55","4.7","7.43","96.5","59.5","87.9","0","16804","1","0","11.17","15.888","37.3","183"
"278","2018-07-02 13:16:26","1009.5","8","0.45","3.8","7.43","95.4","59.6","88.2","0","16776","1","0","11.24","15.986","37.3","183"
"279","2018-07-02 13:16:36","1009.6","7.99","0.32","2.7","7.43","94.3","59.6","88.2","0","16783","1","0","11.23","15.98","37.3","183"
"280","2018-07-02 13:16:46","1009.6","7.99","0.26","2.2","7.42","93.7","59.5","88.2","0","16800","1","0","11.16","15.877","37.3","183"
"281","2018-07-02 13:16:56","1009.6","7.94","0.2","1.7","7.4","93.4","59.6","88.3","0","16779","1","0","11.47","16.312","37.3","183"
"282","2018-07-02 13:17:06","1009.5","7.94","0.14","1.2","7.39","92.3","59.8","88.7","0","16718","1","0","11.58","16.468","37.4","183"
"283","2018-07-02 13:17:16","1009.6","7.91","0.1","0.9","7.41","90.7","59.8","88.7","0","16724","1","0","11.49","16.341","37.4","183"
"284","2018-07-02 13:17:26","1009.5","7.9","0.07","0.6","7.41","90","59.8","88.7","0","16725","1","0","11.57","16.45","37.4","183"
"285","2018-07-02 13:17:36","1009.6","7.9","0.04","0.4","7.4","89.5","59.8","88.9","0","16711","1","0","11.74","16.695","37.4","183"
"286","2018-07-02 13:17:46","1009.6","7.9","0.02","0.2","7.4","88.5","59.9","88.9","0","16708","1","0","11.72","16.667","37.4","183"
"287","2018-07-02 13:17:56","1009.6","7.89","0.01","0.1","7.4","88.1","59.8","88.8","0","16718","1","0","11.66","16.584","37.4","183"
"288","2018-07-02 13:18:06","1009.5","7.85","0","0","7.39","87.6","59.7","88.8","0","16737","1","0","11.91","16.939","37.4","183"
"289","2018-07-02 13:18:16","1009.5","7.85","-0.01","0","7.38","86.6","59.8","88.9","0","16734","1","0","12.08","17.181","37.3","183"
"290","2018-07-02 13:18:26","1009.5","7.83","-0.01","-0.1","7.39","84.7","59.9","89.1","0","16696","1","0","12.04","17.128","37.3","183"
"291","2018-07-02 13:18:36","1009.6","7.8","-0.01","-0.1","7.38","79.8","60.5","90.1","0","16518","1","0","12","17.072","37.2","183"
"292","2018-07-02 13:18:46","1009.5","7.8","-0.01","-0.1","7.37","74.6","60.4","90","0","16548","1","0","12.06","17.154","37.1","183"
"293","2018-07-02 13:18:56","1009.6","7.79","-0.02","-0.2","7.36","67.8","61.2","91.1","0","16340","1","0","12.24","17.407","37.1","183"
"294","2018-07-02 13:19:06","1009.6","7.76","-0.03","-0.2","7.35","59","61.9","92.2","0","16159","1","0","12.41","17.646","37","183"
"295","2018-07-02 13:19:16","1009.6","7.75","-0.03","-0.2","7.35","51.3","61.9","92.3","0","16155","1","0","12.37","17.589","36.9","183"
"296","2018-07-02 13:19:26","1009.6","7.74","-0.03","-0.2","7.35","44.2","62","92.5","0","16129","1","0","12.38","17.606","36.8","183"
"297","2018-07-02 13:19:36","1009.6","7.73","-0.03","-0.2","7.35","38.5","61.8","92.3","0","16168","1","0","12.43","17.679","36.7","183"
"298","2018-07-02 13:19:46","1009.6","7.71","-0.03","-0.3","7.35","33.9","61.8","92.2","0","16178","1","0","12.53","17.819","36.6","183"
"299","2018-07-02 13:19:56","1009.6","7.7","-0.03","-0.3","7.35","29.4","61.6","92","0","16232","1","0","12.48","17.748","36.5","183"
"300","2018-07-02 13:20:06","1009.6","7.7","-0.03","-0.3","7.35","26.2","61.6","92.1","0","16221","1","0","12.55","17.843","36.4","183"
"301","2018-07-02 13:20:16","1009.6","7.66","-0.03","-0.3","7.34","24","61.7","92.2","0","16196","1","0","12.62","17.952","36.3","183"
"302","2018-07-02 13:20:26","1009.6","7.65","-0.03","-0.3","7.35","21","61.9","92.5","0","16161","1","0","12.63","17.958","36.2","183"
"303","2018-07-02 13:20:36","1009.6","7.64","-0.03","-0.3","7.33","18.9","62.1","92.8","0","16114","1","0","12.7","18.067","36.1","183"
"304","2018-07-02 13:20:46","1009.5","7.64","-0.03","-0.3","7.34","16.2","62.2","93","0","16089","1","0","12.65","17.995","36","183"
"305","2018-07-02 13:20:56","1009.6","7.61","-0.03","-0.3","7.32","14.9","62.3","93.2","0","16064","1","0","12.81","18.22","35.9","183"
"306","2018-07-02 13:21:06","1009.4","7.61","-0.03","-0.3","7.27","14.2","62.3","93.3","0","16051","1","0","12.77","18.169","35.8","183"
"307","2018-07-02 13:21:16","1009.6","7.61","-0.04","-0.3","7.31","10.5","62.5","93.6","0","15997","1","0","13.02","18.513","35.8","183"
"308","2018-07-02 13:21:26","1009.5","7.61","-0.04","-0.3","7.3","10.2","62.5","93.6","0","15997","1","0","12.96","18.429","35.7","183"
"309","2018-07-02 13:21:36","1009.6","7.61","-0.04","-0.3","7.31","6.4","62.5","93.6","0","16005","1","0","12.98","18.461","35.6","183"
"310","2018-07-02 13:21:46","1009.5","7.61","-0.04","-0.3","7.32","4.4","62.5","93.6","0","15999","1","0","12.95","18.42","35.5","183"
"311","2018-07-02 13:21:56","1009.6","7.61","-0.04","-0.3","7.3","3.9","62.5","93.6","0","15995","1","0","13.06","18.579","35.4","183"
"312","2018-07-02 13:22:06","1009.6","7.61","-0.04","-0.3","7.3","2.6","62.5","93.6","0","15995","1","0","13.13","18.669","35.3","183"
"313","2018-07-02 13:22:16","1009.6","7.61","-0.04","-0.3","7.3","1.5","62.5","93.7","0","15989","1","0","13.19","18.758","35.2","183"
"314","2018-07-02 13:22:26","1009.6","7.61","-0.04","-0.3","7.3","0.5","62.5","93.6","0","15996","1","0","13.25","18.847","35.2","183"
"315","2018-07-02 13:22:36","1009.6","7.61","-0.03","-0.3","7.29","-0.4","62.5","93.6","0","15992","1","0","13.37","19.014","35.1","183"
"316","2018-07-02 13:22:46","1009.5","7.61","-0.03","-0.3","7.3","-1.6","62.5","93.6","0","15992","1","0","13.37","19.01","35","183"
"317","2018-07-02 13:22:56","1009.6","7.61","-0.03","-0.3","7.29","-2.4","62.6","93.7","0","15987","1","0","13.39","19.051","34.9","183"
"318","2018-07-02 13:23:06","1009.6","7.61","-0.04","-0.3","7.28","-2.5","62.5","93.7","0","15989","1","0","13.48","19.17","34.9","183"
"319","2018-07-02 13:23:16","1009.6","7.61","-0.04","-0.3","7.28","-3.5","62.5","93.7","0","15989","1","0","13.51","19.218","34.8","183"
"320","2018-07-02 13:23:26","1009.6","7.61","-0.04","-0.3","7.26","-3.6","62.6","93.7","0","15978","1","0","13.63","19.389","34.8","183"
"321","2018-07-02 13:23:36","1009.6","7.6","-0.04","-0.3","7.28","-5","62.6","93.8","0","15972","1","0","13.56","19.283","34.7","183"
"322","2018-07-02 13:23:46","1009.6","7.6","-0.04","-0.3","7.28","-5.8","62.7","93.9","0","15953","1","0","13.6","19.343","34.7","183"
"323","2018-07-02 13:23:56","1009.6","7.56","-0.04","-0.3","7.25","-4.9","62.8","94.1","0","15933","1","0","13.68","19.452","34.6","183"
"324","2018-07-02 13:24:06","1009.6","7.52","-0.04","-0.3","7.26","-6.9","63.4","95.1","0","15762","1","0","13.8","19.623","34.6","183"
"325","2018-07-02 13:24:16","1009.6","7.52","-0.04","-0.3","7.26","-8.6","64.4","96.6","0","15535","1","0","13.86","19.713","34.6","183"
"326","2018-07-02 13:24:26","1009.6","7.51","-0.04","-0.3","7.25","-9.9","64.9","97.4","0","15413","1","0","13.93","19.817","34.6","183"
"327","2018-07-02 13:24:36","1009.6","7.49","-0.04","-0.3","7.25","-11.5","65.4","98.2","0","15294","1","0","13.98","19.888","34.6","183"
"328","2018-07-02 13:24:46","1009.6","7.46","-0.04","-0.3","7.24","-13.2","65.7","98.8","0","15213","1","0","14.03","19.96","34.6","183"
"329","2018-07-11 12:50:47","1007","25.96","8.44","104.6","6.99","240.5","90.4","88.8","0","11061","0.997","0","-0.01","-0.01","33.8","192"
"330","2018-07-11 12:50:49","1007","25.99","8.44","104.6","6.97","237.5","90.4","88.8","0","11061","0.997","0","-0.01","-0.01","33.8","192"
"331","2018-07-11 12:50:59","1007","25.99","8.45","104.8","7","234","88.1","86.5","0","11348","0.997","0","0","0.006","33.9","192"
"332","2018-07-11 12:51:09","1007","26.01","8.47","105.1","7.02","231.8","88.1","86.5","0","11350","0.997","0","0.47","0.663","34","192"
"333","2018-07-11 12:51:19","1007","26.01","8.46","105","7","230.7","88.2","86.5","0","11343","0.997","0","0.46","0.649","34.1","192"
"334","2018-07-11 12:51:29","1007","25.99","8.47","105.1","7.03","227.3","88.1","86.5","0","11347","0.997","0","0.67","0.946","34.2","192"
"335","2018-07-11 12:51:39","1006.9","25.99","8.48","105.2","7.07","225.1","88.1","86.5","0","11351","0.997","0","0.67","0.952","34.3","192"
"336","2018-07-11 12:51:49","1007","25.97","8.49","105.3","7.08","224.3","88.1","86.5","0","11351","0.997","0","0.87","1.237","34.5","192"
"337","2018-07-11 12:51:59","1007","25.96","8.48","105.1","7.07","223.2","88","86.4","0","11359","0.997","0","0.97","1.379","34.6","192"
"338","2018-07-11 12:52:09","1007","25.92","8.49","105.2","7.05","222.2","88","86.5","0","11363","0.997","0","1.15","1.637","34.7","192"
"339","2018-07-11 12:52:19","1007","25.91","8.48","105","7.08","220.8","87.9","86.4","0","11371","0.997","0","1.22","1.741","34.8","192"
"340","2018-07-11 12:52:29","1007","25.89","8.49","105.1","7.09","221.7","88","86.5","0","11368","0.997","0","1.38","1.956","34.9","192"
"341","2018-07-11 12:52:39","1007","25.87","8.49","105.1","7.08","218.6","87.9","86.4","0","11382","0.997","0","1.65","2.352","35.1","192"
"342","2018-07-11 12:52:49","1007","25.83","8.49","105","7.11","217.3","87.8","86.4","0","11383","0.997","0","1.77","2.518","35.2","192"
"343","2018-07-11 12:52:59","1007","25.81","8.48","104.9","7.11","216.8","87.8","86.4","0","11391","0.997","0","1.92","2.726","35.3","192"
"344","2018-07-11 12:53:09","1007","25.78","8.49","104.9","7.09","217.1","87.8","86.5","0","11390","0.997","0","2.1","2.994","35.4","192"
"345","2018-07-11 12:53:19","1006.9","25.74","8.49","105","7.06","216.6","87.8","86.5","0","11394","0.997","0","2.41","3.425","35.6","192"
"346","2018-07-11 12:53:29","1007","25.73","8.49","104.8","7.13","216.5","87.7","86.5","0","11399","0.997","0","2.66","3.782","35.7","192"
"347","2018-07-11 12:53:39","1007","25.71","8.5","104.9","7.14","212.9","87.7","86.5","0","11404","0.997","0","2.83","4.022","35.8","192"
"348","2018-07-11 12:53:49","1007","25.7","8.49","104.8","7.15","212.4","87.6","86.5","0","11413","0.997","0","3.03","4.316","36","192"
"349","2018-07-11 12:53:59","1007","25.69","8.49","104.8","7.13","212","87.6","86.5","0","11411","0.997","0","3.25","4.62","36.1","192"
"350","2018-07-11 12:54:09","1007","25.69","8.49","104.7","7.12","211.6","87.7","86.5","0","11407","0.997","0","3.36","4.774","36.3","192"
"351","2018-07-11 12:54:19","1006.9","25.69","8.5","104.8","7.12","211.1","87.7","86.6","0","11404","0.997","0","3.53","5.018","36.4","192"
"352","2018-07-11 12:54:29","1007","25.69","8.49","104.8","7.16","208.9","87.7","86.6","0","11403","0.997","0","3.71","5.276","36.6","192"
"353","2018-07-11 12:54:39","1007","25.68","8.5","104.8","7.16","207.8","87.7","86.5","0","11407","0.997","0","3.85","5.476","36.7","192"
"354","2018-07-11 12:54:49","1007","25.64","8.49","104.7","7.13","208.1","87.6","86.6","0","11409","0.997","0","4.03","5.735","36.9","192"
"355","2018-07-11 12:54:59","1007","25.64","8.49","104.7","7.18","206","87.6","86.5","0","11415","0.997","0","4.19","5.956","37.1","192"
"356","2018-07-11 12:55:09","1007","25.62","8.49","104.6","7.18","207","87.6","86.5","0","11419","0.997","0","4.4","6.263","37.2","192"
"357","2018-07-11 12:55:19","1007","25.6","8.5","104.7","7.17","204.8","87.5","86.5","0","11424","0.997","0","4.66","6.633","37.4","192"
"358","2018-07-11 12:55:29","1007","25.55","8.49","104.5","7.18","204.1","87.5","86.5","0","11430","0.997","0","4.82","6.85","37.5","192"
"359","2018-07-11 12:55:39","1007","25.51","8.49","104.4","7.19","203.9","87.4","86.5","0","11439","0.997","0","4.9","6.964","37.6","192"
"360","2018-07-11 12:55:49","1006.9","25.31","8.49","104.3","7.2","202.1","86.9","86.2","0","11504","0.997","0","5.13","7.294","37.7","192"
"361","2018-07-11 12:55:59","1007","24.06","8.44","102.9","7.25","200.4","84","84","0","11906","0.997","0","5.6","7.966","37.9","192"
"362","2018-07-11 12:56:09","1006.9","23.87","8.6","102.8","7.25","200.5","83.1","84.8","0","12029","0.997","0","5.36","7.624","37.9","192"
"363","2018-07-11 12:56:19","1006.9","23.86","8.63","103","7.28","198.8","83.1","85","0","12030","0.997","0","5.33","7.585","38.1","192"
"364","2018-07-11 12:56:29","1006.9","23.75","8.67","103.4","7.28","199.1","83","84.8","0","12055","0.997","0","5.34","7.602","38.1","192"
"365","2018-07-11 12:56:39","1006.9","23.7","8.69","103.4","7.26","199.9","82.7","84.8","0","12093","0.997","0","5.48","7.788","38.2","192"
"366","2018-07-11 12:56:49","1007","23.45","8.72","103.5","7.26","198.6","82.2","84.5","0","12162","0.997","0","5.59","7.947","38.3","192"
"367","2018-07-11 12:56:59","1006.9","23.25","8.61","101.8","7.29","197.5","81.8","84.5","0","12219","0.997","0","5.67","8.069","38.4","192"
"368","2018-07-11 12:57:09","1007","22.8","8.62","101.2","7.29","196.6","80.6","83.8","0","12406","0.998","0","5.83","8.291","38.5","192"
"369","2018-07-11 12:57:19","1007","22.49","8.82","102.7","7.29","195.7","79.8","83.6","0","12529","0.998","0","5.84","8.305","38.6","192"
"370","2018-07-11 12:57:29","1006.8","22.01","8.86","102.4","7.31","194.6","79","83.5","0","12659","0.998","0","5.89","8.377","38.6","192"
"371","2018-07-11 12:57:39","1006.8","21.73","8.82","101.2","7.3","194.5","78.4","83.5","0","12750","0.998","0","5.99","8.524","38.7","192"
"372","2018-07-11 12:57:49","1006.9","21.53","8.93","102.1","7.29","194.9","78.5","83.9","0","12744","0.998","0","6.03","8.575","38.8","192"
"373","2018-07-11 12:57:59","1006.9","21.14","8.96","102.1","7.27","193.4","78.6","84.3","0","12721","0.998","0","6.1","8.673","38.9","192"
"374","2018-07-11 12:58:09","1006.9","20.57","9.01","101.4","7.28","192","77.5","84.1","0","12901","0.998","0","6.2","8.813","38.9","192"
"375","2018-07-11 12:58:19","1006.9","20.32","9.01","100.6","7.3","190.8","76.9","84.2","0","13010","0.998","0","6.2","8.821","39","192"
"376","2018-07-11 12:58:29","1006.9","20.07","9","100.1","7.28","191.4","76.5","84.2","0","13073","0.998","0","6.31","8.976","39.1","192"
"377","2018-07-11 12:58:39","1006.9","19.9","9","99.5","7.33","187.4","76.1","84.3","0","13146","0.998","0","6.42","9.127","39.2","192"
"378","2018-07-11 12:58:49","1006.9","19.95","8.94","98.9","7.31","187.6","75.8","83.8","0","13199","0.998","0","6.47","9.202","39.2","192"
"379","2018-07-11 12:58:59","1006.9","19.72","8.83","97.6","7.34","185.5","75.5","83.7","0","13238","0.998","0","6.57","9.352","39.3","192"
"380","2018-07-11 12:59:09","1007","18.96","8.83","96.4","7.35","183.4","74.9","84.1","0","13345","0.998","0","6.6","9.384","39.4","192"
"381","2018-07-11 12:59:19","1006.9","18.6","8.85","95.7","7.35","182.9","74.2","84.2","0","13471","0.998","0","6.68","9.506","39.4","192"
"382","2018-07-11 12:59:29","1006.9","18.21","8.81","94.4","7.34","183","73.6","84.3","0","13578","0.999","0","6.74","9.592","39.5","192"
"383","2018-07-11 12:59:39","1006.9","18.06","8.72","93","7.34","181.9","73.1","84.1","0","13689","0.999","0","6.85","9.739","39.6","192"
"384","2018-07-11 12:59:49","1006.8","17.85","8.67","92.2","7.34","180.3","72.7","84","0","13752","0.999","0","6.97","9.914","39.6","192"
"385","2018-07-11 12:59:59","1006.9","17.63","8.54","90.5","7.36","178.2","72.2","83.6","0","13857","0.999","0","7","9.952","39.8","192"
"386","2018-07-11 13:00:09","1006.9","17.54","8.56","90.3","7.37","176.6","72","83.9","0","13890","0.999","0","7.07","10.061","39.8","192"
"387","2018-07-11 13:00:19","1006.8","17.42","8.57","90.1","7.37","175.1","71.7","83.7","0","13956","0.999","0","7.13","10.139","39.9","192"
"388","2018-07-11 13:00:29","1006.9","17.29","8.55","89.9","7.37","174","71.5","83.6","0","13984","0.999","0","7.15","10.171","40","192"
"389","2018-07-11 13:00:39","1007","17","8.55","89.2","7.38","172.6","71.1","83.6","0","14074","0.999","0","7.24","10.294","40.1","192"
"390","2018-07-11 13:00:49","1006.8","16.64","8.56","88.8","7.38","171.2","70.5","83.5","0","14191","0.999","0","7.29","10.365","40.2","192"
"391","2018-07-11 13:00:59","1006.9","16.2","8.56","88.2","7.39","170","69.6","83.1","0","14376","0.999","0","7.37","10.485","40.3","192"
"392","2018-07-11 13:01:09","1006.9","15.83","8.59","87.5","7.4","168.5","69","83.4","0","14489","0.999","0","7.4","10.53","40.4","192"
"393","2018-07-11 13:01:19","1006.8","15.72","8.54","86.7","7.38","167.8","68.8","83.5","0","14536","0.999","0","7.46","10.615","40.5","192"
"394","2018-07-11 13:01:29","1006.8","15.62","8.5","86","7.4","165.7","68.5","83.4","0","14593","0.999","0","7.49","10.655","40.5","192"
"395","2018-07-11 13:01:39","1006.9","15.36","8.47","85.5","7.38","165.2","68.2","83.2","0","14669","0.999","0","7.57","10.766","40.6","192"
"396","2018-07-11 13:01:49","1006.8","15.29","8.5","85.4","7.39","163.2","67.8","83.3","0","14742","0.999","0","7.57","10.774","40.7","192"
"397","2018-07-11 13:01:59","1006.9","15.03","8.42","84.2","7.37","162.7","68","83.8","0","14713","0.999","0","7.82","11.128","40.8","192"
"398","2018-07-11 13:02:09","1006.9","14.82","8.33","83.2","7.4","160.2","67.7","83.6","0","14771","0.999","0","7.7","10.952","40.9","192"
"399","2018-07-11 13:02:19","1006.8","14.35","8.42","83.3","7.39","159.4","67.4","84.1","0","14847","0.999","0","7.72","10.975","40.9","192"
"400","2018-07-11 13:02:29","1006.9","14.13","8.4","82.5","7.37","158.8","67.1","84.5","0","14898","0.999","0","7.81","11.11","41","192"
"401","2018-07-11 13:02:39","1006.9","13.9","8.37","81.8","7.39","156.5","66.7","84.5","0","14986","0.999","0","7.87","11.187","41.1","192"
"402","2018-07-11 13:02:49","1006.9","13.86","8.36","81.3","7.41","154.7","66.6","84.7","0","15016","0.999","0","7.94","11.294","41.2","192"
"403","2018-07-11 13:02:59","1006.9","13.95","8.2","80","7.42","153","66.3","84","0","15087","0.999","0","8.01","11.393","41.2","192"
"404","2018-07-11 13:03:09","1006.9","13.86","8.07","78.6","7.41","151.8","66","83.7","0","15155","0.999","0","8.06","11.463","41.3","192"
"405","2018-07-11 13:03:19","1006.9","13.77","8","77.9","7.41","150.4","65.4","83.1","0","15296","0.999","0","8.14","11.575","41.4","192"
"406","2018-07-11 13:03:29","1006.9","13.33","8.04","78","7.4","149.7","65.1","83.1","0","15354","0.999","0","8.22","11.687","41.4","192"
"407","2018-07-11 13:03:39","1006.9","13.2","8.03","77.2","7.42","148.2","64.8","83.5","0","15433","0.999","0","8.28","11.781","41.5","192"
"408","2018-07-11 13:03:49","1006.9","12.69","7.85","75","7.4","147.9","64.6","83.8","0","15490","0.999","0","8.53","12.136","41.6","192"
"409","2018-07-11 13:03:59","1006.9","12.2","7.63","71.8","7.41","145.5","63.8","84.1","0","15685","0.999","0","8.69","12.355","41.7","192"
"410","2018-07-11 13:04:09","1006.9","12.13","7.35","69","7.41","144.5","63.7","84.3","0","15690","1","0","8.71","12.386","41.7","192"
"411","2018-07-11 13:04:19","1006.9","12.08","7.14","66.9","7.41","142.7","63.6","84.4","0","15723","1","0","8.66","12.311","41.8","192"
"412","2018-07-11 13:04:29","1006.8","11.94","6.95","65","7.38","142.6","63.5","84.4","0","15743","1","0","8.84","12.579","41.9","192"
"413","2018-07-11 13:04:39","1006.8","11.59","6.77","62.9","7.36","142.1","63.2","84.5","0","15821","1","0","8.96","12.751","42","192"
"414","2018-07-11 13:04:49","1006.8","11.57","6.53","60.4","7.4","138.8","63.2","85","0","15828","1","0","8.93","12.702","42","192"
"415","2018-07-11 13:04:59","1006.8","11.48","6.37","58.9","7.38","137.4","63.1","85","0","15841","1","0","9.07","12.896","42.1","192"
"416","2018-07-11 13:05:09","1006.8","11.34","6.16","56.8","7.4","135.4","63","85.2","0","15863","1","0","8.97","12.765","42.2","192"
"417","2018-07-11 13:05:19","1006.8","11.06","5.88","54.1","7.39","134.7","62.7","84.9","0","15954","1","0","9.21","13.104","42.3","192"
"418","2018-07-11 13:05:29","1006.8","10.96","5.54","50.6","7.41","132.8","62.2","84.9","0","16072","1","0","9.21","13.101","42.3","192"
"419","2018-07-11 13:05:39","1006.9","10.47","5.28","48","7.39","133.2","61.8","84.8","0","16178","1","0","9.45","13.445","42.4","192"
"420","2018-07-11 13:05:49","1006.9","10.17","5.12","46","7.41","130.8","61.6","85.6","0","16238","1","0","9.41","13.39","42.5","192"
"421","2018-07-11 13:05:59","1006.8","9.89","4.99","44.5","7.4","130","61.3","85.8","0","16325","1","0","9.85","14.012","42.5","192"
"422","2018-07-11 13:09:40","1006.8","9.52","4.32","38.1","7.35","163.8","61.1","86.8","0","16363","1","0","9.45","13.447","42.5","192"
"423","2018-07-11 13:09:43","1006.8","9.51","4.32","38.1","7.36","154.1","61.1","86.8","0","16363","1","0","9.5","13.518","42.5","192"
"424","2018-07-11 13:09:53","1006.8","9.51","4.45","39.2","7.37","147.3","61.2","86.9","0","16343","1","0","9.43","13.406","42.5","192"
"425","2018-07-11 13:10:03","1006.9","9.51","4.5","39.7","7.35","143","61.2","86.9","0","16333","1","0","9.48","13.484","42.5","192"
"426","2018-07-11 13:10:13","1006.9","9.42","4.52","39.8","7.34","138","61.3","87.1","0","16317","1","0","9.68","13.767","42.5","192"
"427","2018-07-11 13:10:23","1006.7","9.35","4.3","37.7","7.34","133.7","61.3","87.4","0","16311","1","0","9.72","13.824","42.5","192"
"428","2018-07-11 13:10:33","1006.8","9.28","3.96","34.8","7.35","129.4","61.2","87.3","0","16343","1","0","9.76","13.88","42.5","192"
"429","2018-07-11 13:10:43","1006.8","9.23","3.7","32.4","7.35","127.3","61.2","87.6","0","16331","1","0","9.7","13.803","42.6","192"
"430","2018-07-11 13:10:53","1006.7","9.18","3.44","30.1","7.34","123.7","61.3","87.7","0","16312","1","0","9.83","13.988","42.6","192"
"431","2018-07-11 13:11:03","1006.8","9.14","3.1","27.1","7.35","120.2","61.4","87.9","0","16293","1","0","9.77","13.9","42.6","192"
"432","2018-07-11 13:11:13","1006.8","9.13","2.86","25","7.34","118","61.4","88.1","0","16292","1","0","9.83","13.988","42.7","192"
"433","2018-07-11 13:11:23","1006.8","9.07","2.56","22.4","7.32","116.7","61.3","88","0","16314","1","0","10.06","14.306","42.7","192"
"434","2018-07-11 13:11:33","1006.8","9.07","2.29","20","7.34","113.6","61.4","88.2","0","16289","1","0","9.94","14.141","42.8","192"
"435","2018-07-11 13:11:43","1006.7","9","2.12","18.5","7.31","112.5","61.4","88.2","0","16290","1","0","10.32","14.683","42.8","192"
"436","2018-07-11 13:11:53","1006.8","8.99","1.82","15.9","7.28","111.2","61.7","88.9","0","16209","1","0","10.18","14.482","42.9","192"
"437","2018-07-11 13:12:03","1006.8","8.97","1.57","13.7","7.28","110.2","61.8","88.9","0","16189","1","0","10.32","14.678","42.9","192"
"438","2018-07-11 13:12:13","1006.8","8.8","1.33","11.5","7.32","106.8","61.4","88.8","0","16281","1","0","10.54","14.987","43","192"
"439","2018-07-11 13:12:23","1006.8","8.62","0.94","8.1","7.32","105.5","61","88.4","0","16398","1","0","10.7","15.217","43","192"
"440","2018-07-11 13:12:33","1006.8","8.57","0.61","5.3","7.31","104.2","60.9","88.7","0","16407","1","0","10.71","15.228","43","192"
"441","2018-07-11 13:12:43","1006.8","8.57","0.42","3.6","7.33","102.2","61","88.9","0","16395","1","0","10.72","15.243","43","192"
"442","2018-07-11 13:12:53","1006.8","8.56","0.33","2.9","7.32","101.5","61","88.9","0","16391","1","0","10.87","15.454","43","192"
"443","2018-07-11 13:13:03","1006.8","8.49","0.26","2.2","7.29","101.4","61.1","89.1","0","16370","1","0","10.9","15.505","43","192"
"444","2018-07-11 13:13:13","1006.8","8.47","0.19","1.6","7.29","100.4","61.2","89.4","0","16344","1","0","11.12","15.817","43","192"
"445","2018-07-11 13:13:23","1006.8","8.35","0.11","1","7.28","99.9","61.1","89.5","0","16361","1","0","11.26","16.009","42.9","192"
"446","2018-07-11 13:13:33","1006.8","8.28","0.05","0.4","7.28","97.2","61.1","89.8","0","16356","1","0","11.28","16.045","42.9","192"
"447","2018-07-11 13:13:43","1006.7","8.23","0","0","7.28","90.9","62","91.1","0","16131","1","0","11.31","16.093","42.9","192"
"448","2018-07-11 13:13:53","1006.7","8.19","-0.02","-0.2","7.28","79.1","62.6","92.1","0","15983","1","0","11.38","16.19","42.8","192"
"449","2018-07-11 13:14:03","1006.8","8.17","-0.04","-0.4","7.26","66.2","62.9","92.6","0","15901","1","0","11.55","16.423","42.8","192"
"450","2018-07-11 13:14:13","1006.8","8.13","-0.06","-0.5","7.24","53.7","63.2","93.2","0","15824","1","0","11.78","16.757","42.7","192"
"451","2018-07-11 13:14:23","1006.8","8.09","-0.07","-0.6","7.23","42.5","63.3","93.5","0","15787","1","0","11.74","16.696","42.7","192"
"452","2018-07-11 13:14:33","1006.7","8.05","-0.07","-0.6","7.24","32.5","64.1","94.8","0","15590","1","0","12.18","17.319","42.6","192"
"453","2018-07-11 13:14:43","1006.7","8.03","-0.07","-0.6","7.22","26","64.5","95.4","0","15509","1","0","12.27","17.447","42.6","192"
"454","2018-07-11 13:14:53","1006.8","8.02","-0.08","-0.7","7.23","18.9","64.5","95.5","0","15503","1","0","12.36","17.581","42.6","192"
"455","2018-07-11 13:15:03","1006.7","7.99","-0.08","-0.7","7.22","15.1","64.7","95.8","0","15458","1","0","12.39","17.627","42.5","192"
"456","2018-07-11 13:15:13","1006.7","7.9","-0.08","-0.7","7.18","10.5","65.4","96.9","0","15302","1","0","12.53","17.822","42.5","192"
"457","2018-07-11 13:15:23","1006.7","7.9","-0.08","-0.7","7.19","5.7","65.9","97.8","0","15184","1","0","12.77","18.158","42.5","192"
"458","2018-07-11 13:15:33","1006.7","7.85","-0.08","-0.7","7.19","1.6","66.1","98.1","0","15138","1","0","12.78","18.184","42.5","192"
"459","2018-07-11 13:15:43","1006.8","7.83","-0.08","-0.7","7.18","-1.8","66.2","98.5","0","15101","1","0","12.94","18.402","42.5","192"
"460","2018-07-11 13:15:53","1006.7","7.8","-0.08","-0.7","7.16","-4.4","66.4","98.8","0","15066","1","0","13.04","18.549","42.4","192"
"461","2018-07-11 13:16:03","1006.7","7.79","-0.08","-0.7","7.16","-7.9","66.8","99.4","0","14975","1","0","13.44","19.116","42.4","192"
"462","2018-07-11 13:16:13","1006.7","7.77","-0.08","-0.7","7.16","-11.2","66.9","99.6","0","14956","1","0","13.62","19.367","42.4","192"
"463","2018-07-11 13:16:23","1006.7","7.78","-0.08","-0.7","7.16","-13.3","66.9","99.8","0","14942","1","0","13.72","19.512","42.4","192"
"464","2018-07-11 13:16:33","1006.7","7.75","-0.08","-0.7","7.15","-14.8","66.9","99.8","0","14941","1","0","14.03","19.962","42.4","192"
"465","2018-07-23 10:19:27","1015.7","24.65","8.32","99.8","8.01","113.8","86.5","87.1","0","11554","0.997","0","-0.02","0.122","25.2","204"
"466","2018-07-23 10:19:31","1015.7","24.65","8.32","99.8","8.05","105.4","86.2","86.8","0","11597","0.997","0","-0.01","0.141","25.2","204"
"467","2018-07-23 10:19:41","1015.7","24.65","8.32","99.9","8.09","96.9","87.3","87.9","0","11450","0.997","0","0.16","0.381","25.3","204"
"468","2018-07-23 10:19:51","1015.7","24.65","8.33","99.9","8.14","88.5","91.2","91.8","0","10966","0.997","0","0.33","0.617","25.3","204"
"469","2018-07-23 10:20:01","1015.7","24.66","8.32","99.8","8.21","80.2","86.2","86.7","0","11604","0.997","0","0.49","0.846","25.4","204"
"470","2018-07-23 10:20:11","1015.7","24.65","8.32","99.8","8.29","71.8","86.7","87.3","0","11536","0.997","0","0.67","1.109","25.4","204"
"471","2018-07-23 10:20:21","1015.6","24.65","8.32","99.8","8.36","63.7","86.6","87.2","0","11547","0.997","0","0.85","1.358","25.4","204"
"472","2018-07-23 10:20:31","1015.6","24.65","8.32","99.9","8.45","55","86.8","87.3","0","11527","0.997","0","1.03","1.612","25.5","204"
"473","2018-07-23 10:20:41","1015.6","24.66","8.31","99.8","8.57","45.7","87.8","88.3","0","11395","0.997","0","1.2","1.86","25.5","204"
"474","2018-07-23 10:20:51","1015.6","24.67","8.31","99.7","8.68","37","87.1","87.7","0","11482","0.997","0","1.4","2.138","25.6","204"
"475","2018-07-23 10:21:01","1015.6","24.66","8.31","99.8","8.79","28.9","87.3","87.8","0","11457","0.997","0","1.61","2.44","25.6","204"
"476","2018-07-23 10:21:11","1015.6","24.66","8.32","99.9","8.89","22","86.2","86.7","0","11607","0.997","0","1.81","2.723","25.7","204"
"477","2018-07-23 10:21:21","1015.6","24.64","8.32","99.8","8.98","16.3","86.3","86.8","0","11593","0.997","0","2.03","3.037","25.7","204"
"478","2018-07-23 10:21:31","1015.6","24.62","8.31","99.7","9.06","11","85.9","86.5","0","11636","0.997","0","2.22","3.31","25.7","204"
"479","2018-07-23 10:21:41","1015.6","24.61","8.32","99.8","9.13","7.3","85.7","86.4","0","11662","0.997","0","2.43","3.612","25.8","204"
"480","2018-07-23 10:21:51","1015.6","24.6","8.32","99.7","9.19","4.2","85.9","86.6","0","11641","0.997","0","2.63","3.892","25.8","204"
"481","2018-07-23 10:22:01","1015.6","24.59","8.33","99.8","9.25","0.6","85.8","86.5","0","11657","0.997","0","2.81","4.155","25.9","204"
"482","2018-07-23 10:22:11","1015.6","24.59","8.31","99.6","9.32","-2.9","86.5","87.1","0","11567","0.997","0","3.01","4.436","25.9","204"
"483","2018-07-23 10:22:21","1015.6","24.58","8.31","99.5","9.37","-4.6","86.4","87.1","0","11578","0.997","0","3.21","4.712","26","204"
"484","2018-07-23 10:22:31","1015.6","24.58","8.3","99.5","9.41","-6.1","86","86.7","0","11628","0.997","0","3.4","4.989","26","204"
"485","2018-07-23 10:22:41","1015.6","24.58","8.3","99.4","9.46","-8","85.7","86.4","0","11669","0.997","0","3.61","5.286","26","204"
"486","2018-07-23 10:22:51","1015.5","24.58","8.27","99.1","9.49","-8.8","85.9","86.6","0","11645","0.997","0","3.6","5.271","26.1","204"
"487","2018-07-23 10:23:01","1015.5","24.58","8.27","99.2","9.54","-11.4","86.1","86.8","0","11620","0.997","0","3.78","5.532","26.1","204"
"488","2018-07-23 10:23:11","1015.6","24.53","8.27","99.1","9.61","-14.5","85.7","86.4","0","11670","0.997","0","3.98","5.806","26.2","204"
"489","2018-07-23 10:23:21","1015.6","24.46","8.23","98.5","9.68","-17.6","85.7","86.5","0","11667","0.997","0","4.17","6.086","26.2","204"
"490","2018-07-23 10:23:31","1015.6","24.31","8.19","97.8","9.75","-21","85.6","86.6","0","11679","0.997","0","4.36","6.348","26.3","204"
"491","2018-07-23 10:23:41","1015.5","24.25","8.23","98.1","9.8","-22.8","86","87.3","0","11623","0.997","0","4.53","6.589","26.4","204"
"492","2018-07-23 10:23:51","1015.6","24.18","8.25","98.2","9.86","-24.5","84.8","86.1","0","11794","0.997","0","4.69","6.825","26.4","204"
"493","2018-07-23 10:24:01","1015.6","23.81","8.21","97.6","9.91","-25.6","84.4","85.8","0","11844","0.997","0","4.89","7.112","26.5","204"
"494","2018-07-23 10:24:11","1015.5","23.47","8.19","96.5","9.95","-25.5","83.2","85.4","0","12012","0.997","0","5.1","7.408","26.6","204"
"495","2018-07-23 10:24:21","1015.6","23.35","8.2","96.2","9.97","-24.6","83.1","85.7","0","12039","0.997","0","5.19","7.531","26.6","204"
"496","2018-07-23 10:24:31","1015.6","23.35","8.2","95.9","9.99","-23.2","82.9","85.6","0","12066","0.997","0","5.28","7.654","26.7","204"
"497","2018-07-23 10:24:41","1015.6","23.23","8.19","95.8","10","-22.4","82.7","85.5","0","12091","0.997","0","5.46","7.916","26.7","204"
"498","2018-07-23 10:24:51","1015.6","22.88","8.14","94.9","10.04","-23","82.1","85.2","0","12175","0.998","0","5.65","8.189","26.8","204"
"499","2018-07-23 10:25:01","1015.5","22.43","8.16","94.4","10.08","-23.9","81.3","85.1","0","12295","0.998","0","5.85","8.466","26.9","204"
"500","2018-07-23 10:25:11","1015.6","21.92","8.21","94.3","10.13","-24.9","80.6","85","0","12410","0.998","0","6","8.691","27","204"
"501","2018-07-23 10:25:21","1015.6","21.53","8.3","94.1","10.18","-25.8","79.3","84.6","0","12611","0.998","0","6.02","8.716","27","204"
"502","2018-07-23 10:25:31","1015.6","21.21","8.37","94.4","10.23","-26.9","78.7","84.5","0","12707","0.998","0","6.16","8.919","27.1","204"
"503","2018-07-23 10:25:41","1015.6","20.75","8.43","94.4","10.27","-26.8","78","84.4","0","12817","0.998","0","6.26","9.061","27.1","204"
"504","2018-07-23 10:25:51","1015.6","20.06","8.41","93.4","10.3","-26.1","77.1","84.2","0","12969","0.998","0","6.37","9.207","27.2","204"
"505","2018-07-23 10:26:01","1015.6","19.62","8.58","93.9","10.33","-25.1","76","84.3","0","13162","0.998","0","6.46","9.333","27.3","204"
"506","2018-07-23 10:26:11","1015.6","19.24","8.47","92.3","10.35","-24","75.4","84","0","13264","0.998","0","6.61","9.548","27.3","204"
"507","2018-07-23 10:26:21","1015.6","18.83","8.64","92.9","10.38","-23.3","74.2","83.9","0","13473","0.998","0","6.73","9.727","27.4","204"
"508","2018-07-23 10:26:31","1015.6","17.99","8.66","92.6","10.4","-22.4","73.5","83.5","0","13607","0.998","0","6.82","9.849","27.4","204"
"509","2018-07-23 10:26:41","1015.6","17.16","8.66","90.2","10.44","-20.9","72.1","84.3","0","13877","0.999","0","6.9","9.972","27.5","204"
"510","2018-07-23 10:26:51","1015.6","16.99","8.51","87.8","10.45","-19.3","71.4","84.4","0","13996","0.999","0","7","10.104","27.6","204"
"511","2018-07-23 10:27:01","1015.7","16.64","8.31","85.4","10.45","-17.2","70.7","83.8","0","14140","0.999","0","7.08","10.227","27.6","204"
"512","2018-07-23 10:27:11","1015.6","16.18","8.26","84.1","10.45","-14.7","69.9","83.7","0","14307","0.999","0","7.16","10.335","27.7","204"
"513","2018-07-23 10:27:21","1015.7","15.39","8.26","83.4","10.45","-13","69.2","83.7","0","14457","0.999","0","7.27","10.497","27.7","204"
"514","2018-07-23 10:27:31","1015.6","14.83","8.34","82.8","10.47","-11.3","68.4","84.3","0","14617","0.999","0","7.4","10.674","27.8","204"
"515","2018-07-23 10:27:41","1015.7","14.42","8.38","82.2","10.47","-9.7","67.7","84.4","0","14781","0.999","0","7.48","10.787","27.8","204"
"516","2018-07-23 10:27:51","1015.6","13.93","8.36","81.3","10.49","-8.8","66.9","84.2","0","14954","0.999","0","7.57","10.921","27.8","204"
"517","2018-07-23 10:28:01","1015.7","13.66","8.12","78.5","10.49","-7.9","66.5","84.3","0","15041","0.999","0","7.69","11.088","27.9","204"
"518","2018-07-23 10:28:11","1015.7","13.42","7.9","75.7","10.5","-6.6","66.1","84.6","0","15129","0.999","0","7.77","11.203","27.9","204"
"519","2018-07-23 10:28:21","1015.6","13.29","7.67","73.2","10.49","-5.2","65.6","84.4","0","15232","0.999","0","7.89","11.377","28","204"
"520","2018-07-23 10:28:31","1015.7","13.23","7.46","71","10.48","-3.9","65.5","84.5","0","15264","0.999","0","7.96","11.466","28","204"
"521","2018-07-23 10:28:41","1015.6","12.97","7.35","69.8","10.47","-2.4","65.3","84.4","0","15322","0.999","0","8.03","11.577","28","204"
"522","2018-07-23 10:28:51","1015.6","12.74","7.28","68.7","10.46","-0.9","64.8","84.5","0","15422","0.999","0","8.11","11.682","28","204"
"523","2018-07-23 10:29:01","1015.6","12.49","7.11","66.6","10.46","0.3","64.7","85","0","15455","0.999","0","8.22","11.837","28","204"
"524","2018-07-23 10:29:11","1015.6","12.14","6.81","63.6","10.45","2","64.4","84.9","0","15530","0.999","0","8.32","11.988","28.1","204"
"525","2018-07-23 10:29:21","1015.6","11.77","6.54","60.5","10.44","4.1","63.8","84.9","0","15683","1","0","8.42","12.123","28","204"
"526","2018-07-23 10:29:31","1015.6","11.5","6.27","57.7","10.43","6.3","63.4","84.9","0","15782","1","0","8.49","12.221","28.1","204"
"527","2018-07-23 10:29:41","1015.6","11.27","5.9","53.8","10.41","8","63.1","85.4","0","15842","1","0","8.59","12.371","28.1","204"
"528","2018-07-23 10:29:51","1015.6","10.96","5.54","50.4","10.39","9.4","62.9","85.5","0","15889","1","0","8.72","12.552","28.1","204"
"529","2018-07-23 10:30:01","1015.7","10.71","5.11","46","10.38","11.3","62.5","85.7","0","15993","1","0","8.83","12.707","28.1","204"
"530","2018-07-23 10:30:11","1015.7","10.48","4.64","41.6","10.34","13.6","62.5","86.2","0","15990","1","0","8.9","12.812","28.1","204"
"531","2018-07-23 10:30:21","1015.7","10.38","4.35","38.8","10.32","14.5","62.5","86.5","0","16010","1","0","9.02","12.977","28.1","204"
"532","2018-07-23 10:30:31","1015.7","10.23","3.97","35.3","10.3","16","62.5","87","0","16011","1","0","9.11","13.111","28.1","204"
"533","2018-07-23 10:30:41","1015.7","10.1","3.45","30.5","10.26","18.1","62.5","87.3","0","16002","1","0","9.2","13.233","28.1","204"
"534","2018-07-23 10:30:51","1015.6","9.87","2.88","25.4","10.22","20.5","62.5","87.6","0","15992","1","0","9.3","13.373","28.1","204"
"535","2018-07-23 10:31:01","1015.7","9.82","2.25","19.8","10.18","22.4","62.5","88","0","16006","1","0","9.39","13.509","28.1","204"
"536","2018-07-23 10:31:11","1015.6","9.77","1.67","14.7","10.13","24.5","62.4","88","0","16024","1","0","9.48","13.639","28.1","204"
"537","2018-07-23 10:31:21","1015.7","9.59","1.25","10.9","10.08","26.4","62.4","88.2","0","16035","1","0","9.57","13.759","28.1","204"
"538","2018-07-23 10:31:31","1015.6","9.5","0.87","7.6","10.04","27.7","62","88","0","16129","1","0","9.68","13.924","28.1","204"
"539","2018-07-23 10:31:41","1015.7","9.44","0.61","5.3","9.99","29.1","61.8","87.8","0","16191","1","0","9.77","14.05","28.1","204"
"540","2018-07-23 10:31:51","1015.7","9.3","0.46","4","9.96","29.4","61.6","87.9","0","16223","1","0","9.99","14.358","28.1","204"
"541","2018-07-23 10:32:01","1015.7","9.02","0.32","2.8","9.93","16.9","61.9","88.6","0","16154","1","0","10.18","14.631","28.1","204"
"542","2018-07-23 10:32:11","1015.7","8.78","0.22","1.9","9.86","-104.8","63","90.8","0","15879","1","0","10.38","14.914","28.1","204"
"543","2018-07-23 10:32:21","1015.7","8.6","0.12","1","9.72","-148.5","63.9","92.7","0","15648","1","0","11.28","16.195","28.1","204"
"544","2018-07-23 10:32:31","1015.6","8.54","0.07","0.6","9.6","-163.5","65.5","95.5","0","15274","1","0","11.09","15.927","28.1","204"
"545","2018-07-23 10:32:41","1015.7","8.54","0.05","0.4","9.48","-167.1","65.5","95.5","0","15275","1","0","11.16","16.018","28.1","204"
"546","2018-07-23 10:32:51","1015.7","8.45","0.04","0.4","9.39","-172","65.9","96.1","0","15185","1","0","11.21","16.09","28.1","204"
"547","2018-07-23 10:33:01","1015.7","8.44","0.04","0.4","9.29","-172.9","66.5","97.2","0","15034","1","0","11.27","16.185","28.1","204"
"548","2018-07-23 10:33:11","1015.7","8.35","0.04","0.3","9.2","-175.8","66.6","97.6","0","15005","1","0","11.61","16.667","28.1","204"
"549","2018-07-23 10:33:21","1015.7","8.31","0.03","0.3","9.12","-182.2","67","98.3","0","14923","1","0","11.96","17.164","28.2","204"
"550","2018-07-23 10:33:31","1015.7","8.3","0.03","0.2","9.05","-192","67.3","98.7","0","14869","1","0","11.95","17.144","28.2","204"
"551","2018-07-23 10:33:41","1015.7","8.26","0.03","0.3","8.99","-215.6","67.6","99.2","0","14802","1","0","12.07","17.317","28.2","204"
"552","2018-07-23 10:33:51","1015.7","8.21","0.03","0.3","8.92","-236.2","68.3","100.4","0","14644","1","0","12.56","18.016","28.2","204"
"553","2018-07-23 10:34:01","1015.7","8.19","0.03","0.3","8.84","-248.7","68.8","101.2","0","14541","1","0","12.56","18.011","28.2","204"
"554","2018-07-23 10:34:11","1015.7","8.16","0.03","0.3","8.76","-255.7","69","101.6","0","14503","1","0","12.78","18.332","28.2","204"
"555","2018-07-23 10:34:21","1015.7","8.12","0.03","0.3","8.66","-256.4","69.3","102.1","0","14439","1","0","12.66","18.156","28.3","204"
"556","2018-07-23 10:34:31","1015.7","8.11","0.04","0.3","8.56","-256.2","69.4","102.5","0","14401","1","0","12.78","18.333","28.3","204"
"557","2018-07-23 10:34:41","1015.7","8.11","0.04","0.3","8.46","-255.5","69.7","102.9","0","14347","1","0","12.92","18.527","28.3","204"
"558","2018-07-23 10:34:51","1015.7","8.07","0.04","0.3","8.36","-254.7","70","103.5","0","14286","1","0","13.01","18.66","28.3","204"
"559","2018-07-23 10:35:01","1015.7","8.06","0.04","0.3","8.28","-250.7","70","103.5","0","14278","1","0","13.1","18.785","28.3","204"
"560","2018-07-23 10:35:11","1015.7","8.02","0.04","0.3","8.19","-245.6","69.7","103","0","14357","1","0","13.25","18.995","28.3","204"
"561","2018-07-23 10:35:21","1015.7","8","0.04","0.3","8.11","-240.7","69.5","102.9","0","14383","1","0","13.57","19.454","28.3","204"
"562","2018-07-23 10:35:31","1015.7","7.99","0.03","0.3","8.02","-235.6","69.5","103","0","14383","1","0","13.58","19.464","28.3","204"
"563","2018-07-23 10:35:41","1015.7","7.98","0.04","0.3","7.94","-231.6","69.6","103.1","0","14376","1","0","13.65","19.56","28.4","204"
"564","2018-07-23 10:35:51","1015.7","7.97","0.04","0.3","7.87","-228.4","69.6","103.2","0","14367","1","0","13.82","19.803","28.4","204"
"565","2018-07-23 10:36:01","1015.7","7.94","0.04","0.4","7.8","-225.2","69.7","103.3","0","14348","1","0","14.02","20.097","28.4","204"
"566","2018-07-23 10:36:11","1015.7","7.94","0.04","0.3","7.71","-220.2","69.7","103.3","0","14357","1","0","14","20.07","28.4","204"
"567","2018-07-23 10:36:21","1015.7","7.93","0.04","0.3","7.63","-215.6","69.7","103.4","0","14352","1","0","14.06","20.146","28.4","204"
"568","2018-09-07 15:06:36","1010.5","24.74","9.48","114.5","7.31","32.6","87.7","88.1","0","11403","0.997","0","1.66","2.359","27.1","250"
"569","2018-09-07 15:06:36","1010.5","24.74","9.48","114.5","7.31","32.6","87.7","88.1","0","11403","0.997","0","1.66","2.359","27.1","250"
"570","2018-09-07 15:06:46","1010.5","24.84","9.49","114.7","7.26","36.9","88","88.3","0","11367","0.997","0","1.12","1.595","27.1","250"
"571","2018-09-07 15:06:56","1010.5","24.83","9.46","114.6","7.29","36.8","88.1","88.3","0","11354","0.997","0","1.17","1.669","27.1","250"
"572","2018-09-07 15:07:06","1010.4","24.81","9.49","114.8","7.35","35.8","88","88.3","0","11359","0.997","0","1.28","1.827","27.1","250"
"573","2018-09-07 15:07:16","1010.4","24.9","9.49","114.9","7.38","35.3","88.3","88.5","0","11331","0.997","0","1.06","1.503","27.1","250"
"574","2018-09-07 15:07:26","1010.4","25.24","9.37","114.2","7.38","35.5","88.8","88.4","0","11260","0.997","0","0.06","0.09","27.1","250"
"575","2018-09-07 15:07:36","1010.5","25.28","9.23","112.6","7.41","35","88.8","88.4","0","11257","0.997","0","0.23","0.333","27.1","250"
"576","2018-09-07 15:07:46","1010.4","25.28","9.2","112.2","7.44","34.5","88.9","88.4","0","11254","0.997","0","0.24","0.342","27.1","250"
"577","2018-09-07 15:07:56","1010.5","25.27","9.2","112.2","7.45","35","88.8","88.4","0","11257","0.997","0","0.52","0.741","27.1","250"
"578","2018-09-07 15:08:06","1010.4","25.24","9.21","112.4","7.43","36.1","88.8","88.4","0","11262","0.997","0","0.62","0.887","27.1","250"
"579","2018-09-07 15:08:16","1010.4","24.92","9.27","112.6","7.49","36","88.3","88.2","0","11331","0.997","0","1.26","1.788","27.1","250"
"580","2018-09-07 15:08:26","1010.5","24.74","9.4","113.8","7.5","36.5","87.9","88.1","0","11377","0.997","0","1.94","2.754","27.1","250"
"581","2018-09-07 15:08:36","1010.4","24.55","9.44","113.9","7.53","38.1","87.5","88.1","0","11426","0.997","0","2.67","3.804","27","250"
"582","2018-09-07 15:08:46","1010.4","24.51","9.43","113.4","7.6","35.1","87.2","88","0","11467","0.997","0","3.06","4.354","27","250"
"583","2018-09-07 15:08:56","1010.5","24.45","9.42","113.2","7.61","35.8","87.2","88.1","0","11468","0.997","0","3.4","4.837","27","250"
"584","2018-09-07 15:09:06","1010.4","24.37","9.38","112.6","7.63","36.2","87","88","0","11490","0.997","0","3.7","5.256","26.9","250"
"585","2018-09-07 15:09:16","1010.5","24.33","9.32","111.8","7.63","37","86.9","88","0","11507","0.997","0","4.05","5.757","26.9","250"
"586","2018-09-07 15:09:26","1010.4","24.32","9.27","111.1","7.59","41.8","86.8","87.9","0","11522","0.997","0","4.12","5.864","26.9","250"
"587","2018-09-07 15:09:36","1010.5","24.24","9.16","109.7","7.66","37.4","86.5","87.7","0","11561","0.997","0","4.59","6.535","26.8","250"
"588","2018-09-07 15:09:46","1010.4","24.24","9.1","108.9","7.69","42","86.5","87.7","0","11564","0.997","0","4.6","6.539","26.8","250"
"589","2018-09-07 15:09:56","1010.4","23.81","8.85","105.4","7.66","38.5","85.4","87.1","0","11705","0.997","0","5.08","7.222","26.8","250"
"590","2018-09-07 15:10:06","1010.3","23.79","8.29","98.4","7.69","38.1","85.2","87.2","0","11736","0.997","0","5.08","7.226","26.8","250"
"591","2018-09-07 15:10:16","1010.3","23.7","8.06","95.6","7.66","39.5","85.1","87.2","0","11749","0.997","0","5.64","8.027","26.8","250"
"592","2018-09-07 15:10:26","1010.4","23.62","7.76","91.9","7.64","42.6","84.9","87.2","0","11776","0.997","0","5.65","8.036","26.8","250"
"593","2018-09-07 15:10:36","1010.4","22.91","7.32","86.3","7.67","41.2","84.2","86.8","0","11871","0.997","0","6.27","8.921","26.8","250"
"594","2018-09-07 15:10:46","1010.4","22.27","5.98","69.1","7.69","39.9","82.5","86.9","0","12124","0.998","0","6.56","9.332","26.8","250"
"595","2018-09-07 15:10:56","1010.4","22.3","5.18","59.7","7.7","39.4","82.5","87","0","12128","0.998","0","6.58","9.358","26.8","250"
"596","2018-09-07 15:11:06","1010.4","22.21","5.02","57.9","7.67","41","82.6","87.1","0","12103","0.998","0","6.58","9.358","26.8","250"
"597","2018-09-07 15:11:16","1010.4","21.68","4.85","55.7","7.65","41","82","86.8","0","12192","0.998","0","6.87","9.775","26.9","250"
"598","2018-09-07 15:11:26","1010.3","21.45","4.19","47.6","7.67","40.7","81.6","87.5","0","12255","0.998","0","6.88","9.785","26.9","250"
"599","2018-09-07 15:11:36","1010.4","21.42","3.78","43","7.67","40.6","81.8","87.7","0","12225","0.998","0","6.88","9.787","27","250"
"600","2018-09-07 15:11:46","1010.4","21.2","3.46","39.2","7.61","43.4","81.8","87.8","0","12218","0.998","0","7.03","10","27.1","250"
"601","2018-09-07 15:11:56","1010.3","20.66","2.71","30.4","7.65","40.9","80.6","87.4","0","12412","0.998","0","7.18","10.205","27.2","250"
"602","2018-09-07 15:12:06","1010.4","20.57","2.2","24.5","7.65","41.1","80.5","87.9","0","12424","0.998","0","7.19","10.223","27.3","250"
"603","2018-09-07 15:12:16","1010.4","20.53","1.85","20.7","7.63","41.5","80.4","87.9","0","12438","0.998","0","7.2","10.235","27.4","250"
"604","2018-09-07 15:12:26","1010.4","20.47","1.68","18.7","7.61","42","80.3","87.8","0","12456","0.998","0","7.2","10.241","27.5","250"
"605","2018-09-07 15:12:36","1010.3","20.19","1.57","17.5","7.57","44.7","80.3","88","0","12447","0.998","0","7.31","10.396","27.6","250"
"606","2018-09-07 15:12:46","1010.4","17.49","0.93","10.2","7.64","40.7","77.5","86.9","0","12911","0.998","0","7.78","11.059","27.7","250"
"607","2018-09-07 15:12:56","1010.4","16.16","0.55","5.7","7.71","41.5","75.8","89.1","0","13187","0.999","0","8.09","11.507","27.8","250"
"608","2018-09-07 15:13:06","1010.4","15.3","0.35","3.5","7.72","41.9","73.1","89.2","0","13671","0.999","0","8.31","11.821","27.9","250"
"609","2018-09-07 15:13:16","1010.4","14.94","0.3","3","7.69","43.9","73.1","90","0","13686","0.999","0","8.37","11.906","28.1","250"
"610","2018-09-07 15:13:26","1010.4","14.23","0.25","2.4","7.66","46.4","71.1","88.4","0","14069","0.999","0","8.65","12.302","28.2","250"
"611","2018-09-07 15:13:36","1010.4","13.49","0.14","1.4","7.61","48.3","70.7","89.9","0","14144","0.999","0","8.87","12.613","28.3","250"
"612","2018-09-07 15:13:46","1010.4","12.61","0.06","0.6","7.64","47.4","69.9","90.6","0","14307","0.999","0","9.19","13.076","28.4","250"
"613","2018-09-07 15:13:56","1010.4","11.86","0.01","0.1","7.61","39.8","71.1","93.9","0","14073","1","0","9.72","13.828","28.5","250"
"614","2018-09-07 15:14:06","1010.4","11.39","0","0","7.64","12.9","75.6","102.1","0","13233","1","0","10.02","14.258","28.6","250"
"615","2018-09-07 15:14:26","1010.4","10.93","-0.01","-0.1","7.62","-25.3","76.7","104.8","0","13034","1","0","10.32","14.676","28.8","250"
"616","2018-09-07 15:14:36","1010.4","10.45","-0.01","-0.1","7.56","-55.1","76.8","105.4","0","13016","1","0","10.69","15.21","28.9","250"
"617","2018-09-07 15:14:46","1010.5","10.13","-0.02","-0.2","7.52","-144.9","78.1","108.7","0.1","12802","1","0","11.13","15.833","29","250"
"618","2018-09-07 15:14:56","1010.5","9.92","-0.02","-0.2","7.5","-227.2","79.5","111.5","0.1","12585","1","0","12.08","17.175","29.1","250"
"619","2018-09-07 15:15:06","1010.4","9.76","-0.02","-0.2","7.5","-265.7","79.9","112.6","0.1","12518","1","0","12.75","18.133","29.1","250"
"620","2018-09-07 15:15:16","1010.4","9.61","-0.02","-0.2","7.48","-285.8","80","113","0.1","12503","1","0","13.15","18.706","29.2","250"
"621","2018-09-07 15:15:26","1010.4","9.47","-0.02","-0.2","7.45","-296.3","80.2","113.7","0.1","12473","1","0","14.66","20.857","29.3","250"
"622","2018-09-07 15:15:36","1010.4","9.39","-0.02","-0.2","7.41","-301.5","80.4","114.5","0.1","12431","1","0","15.02","21.368","29.4","250"
"623","2018-09-07 15:15:46","1010.5","9.29","-0.02","-0.2","7.42","-302","80.5","114.8","0.1","12417","1","0","14.95","21.264","29.5","250"
"624","2018-09-07 15:15:56","1010.4","9.27","-0.02","-0.2","7.41","-303","81","115.8","0.1","12350","1","0","15.48","22.017","29.5","250"
"625","2018-10-09 13:19:46","1009.9","21.79","8.26","97.2","5.27","149.4","0","0","0","10000000","0.997","0","-0.1","0.004","27","282"
"626","2018-10-09 13:19:55","1010","17.09","8.48","90.2","6.39","146.2","74.5","85.7","0","13424","0.999","0","-0.11","-0.011","27","282"
"627","2018-10-09 13:20:04","1009.9","16.9","8.73","90.6","6.39","141.8","72.3","85.4","0","13824","0.999","0","0.23","0.483","27.1","282"
"628","2018-10-09 13:20:15","1009.9","16.86","8.72","90.2","6.34","138.1","72.2","85.5","0","13859","0.999","0","0.29","0.56","27.2","282"
"629","2018-10-09 13:20:24","1009.9","16.72","8.7","89.9","6.37","132","72.2","85.6","0","13860","0.999","0","0.65","1.069","27.3","282"
"630","2018-10-09 13:20:34","1009.9","16.63","8.68","89.5","6.41","126.7","72.1","85.7","0","13878","0.999","0","0.98","1.54","27.4","282"
"631","2018-10-09 13:20:44","1009.9","16.54","8.67","89.1","6.42","124.7","71.9","85.7","0","13916","0.999","0","1.2","1.852","27.6","282"
"632","2018-10-09 13:20:54","1009.9","16.26","8.66","88.5","6.44","119.1","71.6","85.9","0","13971","0.999","0","1.91","2.871","27.6","282"
"633","2018-10-09 13:21:05","1010","16.23","8.63","88.2","6.46","117.4","71.5","86","0","13977","0.999","0","2.02","3.026","27.8","282"
"634","2018-10-09 13:21:14","1010","16.16","8.62","88","6.47","115","71.5","86","0","13977","0.999","0","2.19","3.26","27.9","282"
"635","2018-10-09 13:21:25","1009.9","16.07","8.61","87.8","6.49","113.9","71.5","86.1","0","13995","0.999","0","2.42","3.591","28","282"
"636","2018-10-09 13:21:34","1009.9","16.04","8.58","87.4","6.52","110.7","71.5","86.2","0","13995","0.999","0","2.44","3.623","28.1","282"
"637","2018-10-09 13:21:45","1009.9","16","8.58","87.3","6.5","111.2","71.4","86.3","0","13996","0.999","0","2.74","4.049","28.1","282"
"638","2018-10-09 13:21:54","1009.9","16","8.6","87.4","6.53","109.1","71.4","86.3","0","14000","0.999","0","3.01","4.438","28.3","282"
"639","2018-10-09 13:22:05","1009.9","15.95","8.62","87.5","6.56","107.7","71.4","86.3","0","14003","0.999","0","3.28","4.812","28.3","282"
"640","2018-10-09 13:22:14","1009.9","15.93","8.61","87.4","6.52","108.5","71.4","86.3","0","14005","0.999","0","3.45","5.06","28.4","282"
"641","2018-10-09 13:22:24","1009.9","15.91","8.59","87.2","6.56","105.9","71.3","86.3","0","14023","0.999","0","3.94","5.751","28.5","282"
"642","2018-10-09 13:22:35","1009.9","15.89","8.56","86.9","6.59","105.9","71.4","86.4","0","14010","0.999","0","4.01","5.851","28.6","282"
"643","2018-10-09 13:22:44","1010","15.87","8.54","86.6","6.57","105.8","71.5","86.5","0","13995","0.999","0","4.17","6.088","28.6","282"
"644","2018-10-09 13:22:54","1010","15.87","8.5","86.2","6.61","103.7","71.4","86.5","0","13998","0.999","0","4.27","6.23","28.7","282"
"645","2018-10-09 13:23:04","1010","15.84","8.49","86","6.57","105.4","71.4","86.5","0","14000","0.999","0","4.46","6.493","28.7","282"
"646","2018-10-09 13:23:15","1009.9","15.84","8.46","85.7","6.62","103.1","71.4","86.6","0","13999","0.999","0","4.77","6.939","28.8","282"
"647","2018-10-09 13:23:24","1010","15.82","8.45","85.5","6.59","103.7","71.5","86.7","0","13986","0.999","0","4.99","7.255","28.8","282"
"648","2018-10-09 13:23:35","1010","15.82","8.42","85.3","6.62","103","71.5","86.7","0","13993","0.999","0","5.22","7.575","28.9","282"
"649","2018-10-09 13:23:44","1010","15.82","8.4","85.1","6.65","104.8","71.5","86.7","0","13994","0.999","0","5.4","7.831","28.9","282"
"650","2018-10-09 13:23:54","1010.1","15.82","8.36","84.7","6.64","103","71.5","86.7","0","13991","0.999","0","5.55","8.042","28.9","282"
"651","2018-10-09 13:24:04","1010","15.82","8.35","84.5","6.66","101.4","71.5","86.6","0","13995","0.999","0","5.88","8.515","28.9","282"
"652","2018-10-09 13:24:14","1009.9","15.82","8.34","84.5","6.65","101.6","71.5","86.7","0","13984","0.999","0","6.01","8.7","28.9","282"
"653","2018-10-09 13:24:25","1010","15.81","8.33","84.3","6.68","102.5","71.5","86.8","0","13977","0.999","0","6.41","9.272","29","282"
"654","2018-10-09 13:24:34","1010","15.81","8.32","84.3","6.68","100.5","71.6","86.9","0","13965","0.999","0","6.54","9.454","29","282"
"655","2018-10-09 13:24:45","1010","15.79","8.32","84.2","6.69","101.7","71.5","86.8","0","13980","0.999","0","6.82","9.85","29","282"
"656","2018-10-09 13:24:54","1009.9","15.78","8.32","84.2","6.68","102.2","71.5","86.8","0","13978","0.999","0","7.02","10.134","29.1","282"
"657","2018-10-09 13:25:05","1010","15.78","8.32","84.2","6.69","101.7","71.6","86.9","0","13969","0.999","0","7.43","10.714","29.1","282"
"658","2018-10-09 13:25:14","1010","15.78","8.32","84.2","6.71","101.3","71.6","86.9","0","13963","0.999","0","7.67","11.066","29.2","282"
"659","2018-10-09 13:25:24","1009.9","15.78","8.32","84.2","6.71","100.4","71.6","86.9","0","13967","0.999","0","7.88","11.357","29.3","282"
"660","2018-10-09 13:25:34","1009.9","15.78","8.31","84.1","6.7","100.1","71.6","87","0","13959","0.999","0","8.14","11.727","29.3","282"
"661","2018-10-09 13:25:44","1009.9","15.77","8.32","84.2","6.71","99.4","71.5","86.8","0","13985","0.999","0","8.52","12.274","29.4","282"
"662","2018-10-09 13:25:54","1009.8","15.73","8.35","84.5","6.7","100.1","71.5","86.8","0","13989","0.999","0","8.96","12.901","29.4","282"
"663","2018-10-09 13:26:04","1010","15.65","8.16","82.4","6.73","99.9","72","87.5","0","13894","0.999","0","9.38","13.487","29.5","282"
"664","2018-10-09 13:26:15","1009.9","14.32","7.54","75.4","6.69","93.7","74.7","92","0","13380","0.999","0","9.69","13.937","29.6","282"
"665","2018-10-09 13:26:24","1009.9","13.11","3.71","36.1","6.64","-7.6","82.4","104.3","0","12139","0.999","0","10","14.38","29.6","282"
"666","2018-10-09 13:26:35","1009.8","11.5","1.6","14.9","6.63","-49.3","88.2","117.3","0.1","11342","1","0","10.43","14.985","29.6","282"
"667","2018-10-09 13:26:44","1009.9","10.69","0.75","6.9","6.58","-64.3","87.5","119","0.1","11433","1","0","10.69","15.358","29.7","282"
"668","2018-10-09 13:26:54","1009.9","10.36","0.38","3.4","6.53","-71.7","89.5","123.4","0.1","11173","1","0","10.9","15.652","29.7","282"
"669","2018-10-09 13:27:04","1009.9","10.14","0.16","1.5","6.56","-79.2","90.7","126.4","0.1","11021","1","0","11.37","16.318","29.8","282"
"670","2018-10-09 13:27:14","1009.9","9.91","0.08","0.7","6.55","-82.7","90.7","126.8","0.1","11019","1","0","11.48","16.483","29.8","282"
"671","2018-10-09 13:27:24","1009.9","9.77","0.03","0.2","6.55","-85.3","91","128.2","0.1","10994","1","0","11.92","17.104","29.8","282"
"672","2018-10-09 13:27:34","1009.9","9.73","-0.01","-0.1","6.55","-89","92.2","130.1","0.1","10848","1","0","12.38","17.761","29.9","282"
"673","2018-10-09 13:27:45","1009.9","9.63","-0.02","-0.1","6.56","-91.4","92.8","131.3","0.1","10773","1","0","12.91","18.518","29.9","282"
"674","2018-10-09 13:27:54","1009.9","9.57","-0.02","-0.2","6.55","-92.9","94.1","133.4","0.1","10626","1","0","13.23","18.965","30","282"
"675","2018-10-09 13:28:05","1009.9","9.49","-0.03","-0.2","6.57","-93.9","94.5","134.1","0.1","10580","1","0","13.69","19.619","30","282"
"676","2018-10-23 16:30:46","1009.2","10.62","12.59","109.1","6.94","120.1","55.6","80.3","0","17997","1","0","-0.27","-0.238","5.9","296"
"677","2018-10-23 16:30:56","1009.2","10.8","10.74","97.2","6.94","113.5","63.9","87.9","0","15642","1","0","-0.05","0.087","5.9","296"
"678","2018-10-23 16:31:06","1009.2","10.85","10.46","95","6.93","106.5","64","87.7","0","15622","1","0","0.37","0.675","5.9","296"
"679","2018-10-23 16:31:16","1009.2","10.92","10.36","94","6.96","103.2","64.1","87.9","0","15605","1","0","0.87","1.382","5.9","296"
"680","2018-10-23 16:31:26","1009.2","10.96","10.3","93.7","6.97","99.5","64.1","87.6","0","15607","1","0","1.5","2.278","6","296"
"681","2018-10-23 16:31:36","1009.2","11","10.28","93.6","7.03","96.3","64.1","87.5","0","15604","1","0","2.4","3.571","6","296"
"682","2018-10-23 16:31:46","1009.1","11.01","10.24","93.3","7.04","92.6","64.1","87.5","0","15591","1","0","2.71","4.004","6","296"
"683","2018-10-23 16:31:56","1009.2","11.04","10.24","93.3","7.02","91.4","64.1","87.5","0","15598","1","0","2.76","4.073","6.1","296"
"684","2018-10-23 16:32:06","1009.2","11.08","10.2","93.1","7.05","90","64.2","87.4","0","15588","1","0","3.45","5.064","6.1","296"
"685","2018-10-23 16:32:16","1009.1","11.09","10.18","92.9","7.07","89.1","64.1","87.3","0","15604","1","0","4.11","5.993","6.1","296"
"686","2018-10-23 16:32:26","1009.2","11.13","10.16","92.8","7.07","87.8","64.1","87.3","0","15592","1","0","4.78","6.947","6.1","296"
"687","2018-10-23 16:32:36","1009.3","11.1","10.15","92.7","7.1","86.4","64.1","87.3","0","15593","1","0","5.46","7.923","6.2","296"
"688","2018-10-23 16:32:46","1009.2","11.13","10.15","92.6","7.09","86","64.1","87.3","0","15594","1","0","5.62","8.151","6.2","296"
"689","2018-10-23 16:32:56","1009.2","11.13","10.13","92.6","7.11","86.9","64.1","87.2","0","15594","1","0","6.12","8.855","6.2","296"
"690","2018-10-23 16:33:06","1009.2","11.14","10.12","92.5","7.12","84.7","64.1","87.2","0","15599","1","0","6.72","9.709","6.2","296"
"691","2018-10-23 16:33:16","1009.2","11.13","10.11","92.4","7.12","86.7","64.1","87.2","0","15596","1","0","7.36","10.619","6.2","296"
"692","2018-10-23 16:33:26","1009.2","11.16","10.1","92.3","7.11","85.8","64.1","87.2","0","15596","1","0","7.95","11.457","6.3","296"
"693","2018-10-23 16:33:36","1009.2","11.16","10.07","92.1","7.12","85","64.1","87.2","0","15597","1","0","8.3","11.951","6.3","296"
"694","2018-10-23 16:33:46","1009.2","11.16","10.07","92","7.14","85.4","64.1","87.2","0","15596","1","0","8.92","12.838","6.3","296"
"695","2018-10-23 16:33:56","1009.2","11.15","10.05","91.9","7.16","84.2","64.1","87.1","0","15601","1","0","9.34","13.442","6.3","296"
"696","2018-10-23 16:34:06","1009.2","11.13","10.06","91.9","7.13","85.2","64.1","87.3","0","15592","1","0","9.42","13.551","6.3","296"
"697","2018-10-23 16:34:16","1009.2","11.13","10.05","91.8","7.17","84.7","64.1","87.2","0","15597","1","0","10.44","14.994","6.4","296"
"698","2018-10-23 16:34:26","1009.1","11.13","10.05","91.8","7.15","84.1","64.1","87.2","0","15604","1","0","10.9","15.648","6.4","296"
"699","2018-10-23 16:34:36","1009.2","11.13","10.04","91.7","7.15","85.2","64","87.1","0","15616","1","0","11.26","16.173","6.4","296"
"700","2018-10-23 16:34:46","1009.2","11.08","10.02","91.5","7.16","83.9","64","87.1","0","15627","1","0","11.64","16.707","6.4","296"
"701","2018-10-23 16:34:56","1009.2","11.05","9.98","91.1","7.18","84.1","64","87.1","0","15631","1","0","12.15","17.43","6.4","296"
"702","2018-10-23 16:35:06","1009.1","10.99","9.91","90.3","7.18","84.8","63.9","87.2","0","15650","1","0","12.67","18.176","6.4","296"
"703","2018-10-23 16:35:16","1009.1","10.94","9.84","89.5","7.18","84.5","63.8","87.3","0","15667","1","0","13.26","19.008","6.4","296"
"704","2018-10-23 16:35:26","1009.1","10.93","9.8","89.1","7.17","85.1","63.8","87.3","0","15669","1","0","13.76","19.724","6.4","296"
"705","2018-10-23 16:35:36","1009.1","10.92","9.77","88.8","7.2","-2.4","74.7","102.1","0","13394","1","0","14.2","20.353","6.5","296"
"706","2018-10-23 16:35:46","1009.1","10.92","9.75","88.6","7.11","-35.6","77.7","106.2","0","12875","1","0","14.31","20.51","6.5","296"
"707","2018-10-23 16:35:56","1009.2","10.92","9.72","88.4","7.06","-41.1","78","106.6","0","12826","1","0","14.33","20.538","6.5","296"
"708","2018-10-23 16:36:06","1009.1","10.9","9.72","88.4","7.04","-43.9","78.4","107.2","0","12755","1","0","14.35","20.56","6.5","296"
